product_id,filename,is_thumbnail_image,is_landing_image,is_video,description
1119,81TtgFNJrGL418552.7848438508,t,t,f,lorem ipsum
1120,718hIUhKzeL3009507.5195764354,t,t,f,lorem ipsum
1121,61wYl1RtGOL9231957.982710768,t,t,f,lorem ipsum
1122,71jTFnk7XiL1121920.5005176326,t,t,f,lorem ipsum
1123,71+1lOl1Y1L3856614.2669947776,t,t,f,lorem ipsum
1124,71g9X7W9K3L966393.0748943362,t,t,f,lorem ipsum
1125,81zcUyiNcUL334720.8708901839,t,t,f,lorem ipsum
1126,71JqyTBiXrL6184326.879878803,t,t,f,lorem ipsum
1127,81sq-a+suJL9319206.402410729,t,t,f,lorem ipsum
1128,415G0bg-hiL3753686.5385182328,t,t,f,lorem ipsum
1129,71CR6drcruL8264185.217663555,t,t,f,lorem ipsum
1130,71PRmI5eCqL177904.29485340597,t,t,f,lorem ipsum
1131,713RkW3M4IL6384784.895089229,t,t,f,lorem ipsum
1132,61wYl1RtGOL6446907.564543387,t,t,f,lorem ipsum
1133,819hAP4xoGS2203194.004285389,t,t,f,lorem ipsum
1134,71tXLOE7wIL9287802.797393851,t,t,f,lorem ipsum
1135,91pjZAMbEUS7125700.052867714,t,t,f,lorem ipsum
1136,71ctRE34RuL5204137.385765131,t,t,f,lorem ipsum
1137,6142LSpf6xL6765895.0285637975,t,t,f,lorem ipsum
1138,814KnXVtcsL6635447.518282147,t,t,f,lorem ipsum
1139,71v0BQo8T8L271303.43483533716,t,t,f,lorem ipsum
1140,71k1LmLaj4L95380.19149186283,t,t,f,lorem ipsum
1141,81J9wwm9WxL6877218.0877416255,t,t,f,lorem ipsum
1142,71gx1HNTj1L2047133.1065499121,t,t,f,lorem ipsum
1143,81K1NR+8WjL8030137.202403758,t,t,f,lorem ipsum
1144,61e2XEOJLGL6037076.145519222,t,t,f,lorem ipsum
1145,71FLsWWmE8L8347590.125933764,t,t,f,lorem ipsum
1146,71pvhTrmZDL7318970.931085933,t,t,f,lorem ipsum
1147,813Nab75aQL7786290.253348942,t,t,f,lorem ipsum
1148,71ZEPs9Y7CL3809654.567924241,t,t,f,lorem ipsum
1149,71Sp6M--UpL59049.198058740425,t,t,f,lorem ipsum
1150,71uu-S9fsCL4536857.740087241,t,t,f,lorem ipsum
1151,815cAIRfKjL5343002.155078462,t,t,f,lorem ipsum
1152,815cAIRfKjL5549795.540806184,t,t,f,lorem ipsum
1153,71Sp6M--UpL1590096.3150233482,t,t,f,lorem ipsum
1154,61wgnuIJDEL3161286.2288960274,t,t,f,lorem ipsum
1155,711+0tgn+6L3537191.392369321,t,t,f,lorem ipsum
1156,91CnBmI3G8L2393609.883051717,t,t,f,lorem ipsum
1157,81XtkiVBYxL6086620.475460458,t,t,f,lorem ipsum
1158,71Q9lRFU4VL1667304.1235984387,t,t,f,lorem ipsum
1159,51pwqs5xEcL1117439.3310445808,t,t,f,lorem ipsum
1160,71AGOX9MORL4798838.906280163,t,t,f,lorem ipsum
1161,61pskHRSN2L7736582.574546498,t,t,f,lorem ipsum
1162,71CKGX0iXPS3681142.40212982,t,t,f,lorem ipsum
1163,51dBcW+NXPL2641492.2119314354,t,t,f,lorem ipsum
1164,71TOJXChXtL178466.3496490535,t,t,f,lorem ipsum
1165,713WJz2wXLL2806517.8113302714,t,t,f,lorem ipsum
1166,71uu-S9fsCL6051087.647852747,t,t,f,lorem ipsum
1167,61wYl1RtGOL3325832.949484704,t,t,f,lorem ipsum
1168,71PRmI5eCqL7685781.80314563,t,t,f,lorem ipsum
1169,61m8rRc8RfL9004162.978734998,t,t,f,lorem ipsum
1170,41jLIFi2GXS1634449.6750376236,t,t,f,lorem ipsum
1171,71TOJXChXtL3532628.2729846947,t,t,f,lorem ipsum
1172,71Qp4khq-1L6173485.929112652,t,t,f,lorem ipsum
1173,81F1YLvNwEL8562267.367163626,t,t,f,lorem ipsum
1174,71FpoBA7ZcL5046706.3504407285,t,t,f,lorem ipsum
1175,817tGjvKfWL2428126.797287915,t,t,f,lorem ipsum
1176,91NkPe-lM3L9844447.714007983,t,t,f,lorem ipsum
1177,81jIGNqTjmL3117797.587030815,t,t,f,lorem ipsum
1178,71+LIOKehyL8281127.670124813,t,t,f,lorem ipsum
1179,51iazuN-+TL3192991.6946832226,t,t,f,lorem ipsum
1180,71Mt4JAZQtL3727805.961084851,t,t,f,lorem ipsum
1181,71PRmI5eCqL4296323.9885782525,t,t,f,lorem ipsum
1182,71L6HDQ211L6046688.429963718,t,t,f,lorem ipsum
1183,812VbscUxiL3295619.7616809546,t,t,f,lorem ipsum
1184,815cAIRfKjL2000026.7077292476,t,t,f,lorem ipsum
1185,713RkW3M4IL4124760.4279884985,t,t,f,lorem ipsum
1186,71uu-S9fsCL5432898.33555086,t,t,f,lorem ipsum
1187,71jTFnk7XiL4180671.764563988,t,t,f,lorem ipsum
1188,71+1lOl1Y1L2641439.175030218,t,t,f,lorem ipsum
1189,71g9X7W9K3L1072821.0960444561,t,t,f,lorem ipsum
1190,81zcUyiNcUL5480080.915876042,t,t,f,lorem ipsum
1191,71JqyTBiXrL4846479.986991152,t,t,f,lorem ipsum
1192,81sq-a+suJL1469731.623626349,t,t,f,lorem ipsum
1193,415G0bg-hiL1758510.0318713542,t,t,f,lorem ipsum
1194,71CR6drcruL3849119.1126489067,t,t,f,lorem ipsum
1195,71Sp6M--UpL8755233.972825143,t,t,f,lorem ipsum
1196,71PRmI5eCqL8460622.718682542,t,t,f,lorem ipsum
1197,71ZEPs9Y7CL1876402.566348585,t,t,f,lorem ipsum
1198,819hAP4xoGS5227485.404951584,t,t,f,lorem ipsum
1199,71tXLOE7wIL8659645.330886392,t,t,f,lorem ipsum
1200,91pjZAMbEUS973558.0626927365,t,t,f,lorem ipsum
1201,71ctRE34RuL4554115.263205933,t,t,f,lorem ipsum
1202,6142LSpf6xL9655925.977729863,t,t,f,lorem ipsum
1203,814KnXVtcsL9494748.75654239,t,t,f,lorem ipsum
1204,71v0BQo8T8L6636428.568645927,t,t,f,lorem ipsum
1205,71k1LmLaj4L3154968.098371744,t,t,f,lorem ipsum
1206,81J9wwm9WxL5363100.440458462,t,t,f,lorem ipsum
1207,71gx1HNTj1L6832728.355549926,t,t,f,lorem ipsum
1208,81K1NR+8WjL5544704.444787048,t,t,f,lorem ipsum
1209,61e2XEOJLGL1232204.1838900754,t,t,f,lorem ipsum
1210,71FLsWWmE8L6757260.332550988,t,t,f,lorem ipsum
1211,71pvhTrmZDL4332867.1677899575,t,t,f,lorem ipsum
1212,813Nab75aQL4421417.384169084,t,t,f,lorem ipsum
1213,71ZEPs9Y7CL4413057.703671539,t,t,f,lorem ipsum
1214,812VbscUxiL8549338.977762217,t,t,f,lorem ipsum
1215,61fb2UmHdxL6016346.188684883,t,t,f,lorem ipsum
1216,815cAIRfKjL8941560.936340904,t,t,f,lorem ipsum
1217,81TtgFNJrGL969309.3494657945,t,t,f,lorem ipsum
1218,71vMoUckwLL6634771.852818042,t,t,f,lorem ipsum
1219,71iQ5Tk45WL1532131.3042574048,t,t,f,lorem ipsum
1220,71jTFnk7XiL5499431.316023926,t,t,f,lorem ipsum
1221,71+1lOl1Y1L3183241.951821896,t,t,f,lorem ipsum
1222,71g9X7W9K3L7102178.518951732,t,t,f,lorem ipsum
1223,81zcUyiNcUL423333.19491460355,t,t,f,lorem ipsum
1224,71JqyTBiXrL5634715.3961250605,t,t,f,lorem ipsum
1225,81sq-a+suJL8347050.45492576,t,t,f,lorem ipsum
1226,415G0bg-hiL1545156.1381414768,t,t,f,lorem ipsum
1227,71CR6drcruL6720125.171580651,t,t,f,lorem ipsum
1228,71iQ5Tk45WL31083.13535833851,t,t,f,lorem ipsum
1229,71eMQCrUH9L9417438.574751336,t,t,f,lorem ipsum
1230,71mMMV4oCyL6433921.54227606,t,t,f,lorem ipsum
1231,819hAP4xoGS5415345.907721694,t,t,f,lorem ipsum
1232,71tXLOE7wIL9708737.717713842,t,t,f,lorem ipsum
1233,91pjZAMbEUS3214902.254529677,t,t,f,lorem ipsum
1234,71ctRE34RuL8607210.424435357,t,t,f,lorem ipsum
1235,6142LSpf6xL2103495.8372590416,t,t,f,lorem ipsum
1236,814KnXVtcsL135196.91583079085,t,t,f,lorem ipsum
1237,71v0BQo8T8L638151.2015071422,t,t,f,lorem ipsum
1238,71k1LmLaj4L3522969.7384144366,t,t,f,lorem ipsum
1239,81J9wwm9WxL3134283.7121051727,t,t,f,lorem ipsum
1240,71gx1HNTj1L1545096.0964521165,t,t,f,lorem ipsum
1241,81K1NR+8WjL3873770.1351081124,t,t,f,lorem ipsum
1242,61e2XEOJLGL9575090.157826606,t,t,f,lorem ipsum
1243,71FLsWWmE8L8713503.448019007,t,t,f,lorem ipsum
1244,71pvhTrmZDL9471584.277698455,t,t,f,lorem ipsum
1245,813Nab75aQL6202258.448327662,t,t,f,lorem ipsum
1246,71mMMV4oCyL4494492.478185077,t,t,f,lorem ipsum
1247,61HTK2fsTFL9586720.107890572,t,t,f,lorem ipsum
1248,61TvWKCQy1L7344701.808332088,t,t,f,lorem ipsum
1249,815cAIRfKjL3677588.8132515,t,t,f,lorem ipsum
1250,713RkW3M4IL1157103.7497482828,t,t,f,lorem ipsum
1251,71Sp6M--UpL5062473.192676085,t,t,f,lorem ipsum
1252,61wgnuIJDEL2802846.982335445,t,t,f,lorem ipsum
1253,711+0tgn+6L9520142.831212409,t,t,f,lorem ipsum
1254,91CnBmI3G8L8360697.89697353,t,t,f,lorem ipsum
1255,81XtkiVBYxL5881545.356347499,t,t,f,lorem ipsum
1256,71Q9lRFU4VL9620590.127627086,t,t,f,lorem ipsum
1257,51pwqs5xEcL1371459.094982972,t,t,f,lorem ipsum
1258,71AGOX9MORL2260648.8849678286,t,t,f,lorem ipsum
1259,61pskHRSN2L1835137.8313609378,t,t,f,lorem ipsum
1260,71CKGX0iXPS7507008.760732761,t,t,f,lorem ipsum
1261,51dBcW+NXPL2680179.7880311096,t,t,f,lorem ipsum
1262,71TOJXChXtL6697190.966011159,t,t,f,lorem ipsum
1263,713WJz2wXLL7938914.606771908,t,t,f,lorem ipsum
1264,71uu-S9fsCL9427456.045597045,t,t,f,lorem ipsum
1265,61TvWKCQy1L2725248.137195118,t,t,f,lorem ipsum
1266,61HTK2fsTFL7275063.136930817,t,t,f,lorem ipsum
1267,61m8rRc8RfL3073473.7244793563,t,t,f,lorem ipsum
1268,41jLIFi2GXS9916751.65073637,t,t,f,lorem ipsum
1269,71TOJXChXtL884561.0781973879,t,t,f,lorem ipsum
1270,71Qp4khq-1L7181143.044281812,t,t,f,lorem ipsum
1271,81F1YLvNwEL3101740.4117513793,t,t,f,lorem ipsum
1272,71FpoBA7ZcL2215790.537227267,t,t,f,lorem ipsum
1273,817tGjvKfWL3492681.751702722,t,t,f,lorem ipsum
1274,91NkPe-lM3L7822941.782044981,t,t,f,lorem ipsum
1275,81jIGNqTjmL5643839.770925043,t,t,f,lorem ipsum
1276,71+LIOKehyL5816437.425149772,t,t,f,lorem ipsum
1277,51iazuN-+TL8508790.926738953,t,t,f,lorem ipsum
1278,71Mt4JAZQtL283181.7510796042,t,t,f,lorem ipsum
1279,71ZEPs9Y7CL7818387.084064633,t,t,f,lorem ipsum
1280,71L6HDQ211L578246.6608835412,t,t,f,lorem ipsum
1281,71b5rSpaQyL2337228.9349983144,t,t,f,lorem ipsum
1282,815cAIRfKjL5148435.136996561,t,t,f,lorem ipsum
1283,713RkW3M4IL5444549.01068895,t,t,f,lorem ipsum
1284,71uu-S9fsCL1381364.3928218444,t,t,f,lorem ipsum
1285,71jTFnk7XiL4026719.4176461585,t,t,f,lorem ipsum
1286,71+1lOl1Y1L8094101.379206511,t,t,f,lorem ipsum
1287,71g9X7W9K3L242808.53499568434,t,t,f,lorem ipsum
1288,81zcUyiNcUL4761823.52111342,t,t,f,lorem ipsum
1289,71JqyTBiXrL5838488.6424518805,t,t,f,lorem ipsum
1290,81sq-a+suJL370735.71106461587,t,t,f,lorem ipsum
1291,415G0bg-hiL7600262.939590161,t,t,f,lorem ipsum
1292,71CR6drcruL6728471.856151021,t,t,f,lorem ipsum
1293,71yEtz7yTyL7941275.397941358,t,t,f,lorem ipsum
1294,71Sp6M--UpL5947641.819243958,t,t,f,lorem ipsum
1295,61TvWKCQy1L8385274.557874931,t,t,f,lorem ipsum
1296,819hAP4xoGS9495502.32011752,t,t,f,lorem ipsum
1297,71tXLOE7wIL3173057.4148882427,t,t,f,lorem ipsum
1298,91pjZAMbEUS8945572.966833178,t,t,f,lorem ipsum
1299,71ctRE34RuL7027501.160506829,t,t,f,lorem ipsum
1300,6142LSpf6xL5450620.509184834,t,t,f,lorem ipsum
1301,814KnXVtcsL8842742.00025382,t,t,f,lorem ipsum
1302,71v0BQo8T8L4726525.807462707,t,t,f,lorem ipsum
1303,71k1LmLaj4L4231629.173782394,t,t,f,lorem ipsum
1304,81J9wwm9WxL5770874.633623899,t,t,f,lorem ipsum
1305,71gx1HNTj1L2762437.761350964,t,t,f,lorem ipsum
1306,81K1NR+8WjL6530784.785547028,t,t,f,lorem ipsum
1307,61e2XEOJLGL4500110.790860663,t,t,f,lorem ipsum
1308,71FLsWWmE8L2247533.4585477035,t,t,f,lorem ipsum
1309,71pvhTrmZDL1314697.6377028509,t,t,f,lorem ipsum
1310,813Nab75aQL4238185.716328901,t,t,f,lorem ipsum
1311,71L6HDQ211L4179288.885673058,t,t,f,lorem ipsum
1312,61HTK2fsTFL323595.48905724677,t,t,f,lorem ipsum
1313,71yEtz7yTyL1909997.0675230483,t,t,f,lorem ipsum
1314,815cAIRfKjL9112597.101650825,t,t,f,lorem ipsum
1315,815cAIRfKjL6864739.531987714,t,t,f,lorem ipsum
1316,61wgnuIJDEL1416936.6573160947,t,t,f,lorem ipsum
1317,711+0tgn+6L1324271.3264467397,t,t,f,lorem ipsum
1318,91CnBmI3G8L4783118.964219559,t,t,f,lorem ipsum
1319,81XtkiVBYxL5609093.110653169,t,t,f,lorem ipsum
1320,71Q9lRFU4VL8943165.074767726,t,t,f,lorem ipsum
1321,51pwqs5xEcL3831513.073567736,t,t,f,lorem ipsum
1322,71AGOX9MORL7306557.942352616,t,t,f,lorem ipsum
1323,61pskHRSN2L7994015.089486508,t,t,f,lorem ipsum
1324,71CKGX0iXPS3065743.718566738,t,t,f,lorem ipsum
1325,51dBcW+NXPL3643529.6819010274,t,t,f,lorem ipsum
1326,71TOJXChXtL2032871.2751652934,t,t,f,lorem ipsum
1327,713WJz2wXLL9606981.863551391,t,t,f,lorem ipsum
1328,71uu-S9fsCL586451.3006198213,t,t,f,lorem ipsum
1329,71Sp6M--UpL4622616.889490736,t,t,f,lorem ipsum
1330,61TvWKCQy1L6082562.565327015,t,t,f,lorem ipsum
1331,61m8rRc8RfL3279290.704050952,t,t,f,lorem ipsum
1332,41jLIFi2GXS9430464.619112771,t,t,f,lorem ipsum
1333,71TOJXChXtL4346212.958128484,t,t,f,lorem ipsum
1334,71Qp4khq-1L7568158.831912088,t,t,f,lorem ipsum
1335,81F1YLvNwEL6844529.034587308,t,t,f,lorem ipsum
1336,71FpoBA7ZcL3147628.50118794,t,t,f,lorem ipsum
1337,817tGjvKfWL5388233.095312754,t,t,f,lorem ipsum
1338,91NkPe-lM3L609013.4689096183,t,t,f,lorem ipsum
1339,81jIGNqTjmL3682988.4727263385,t,t,f,lorem ipsum
1340,71+LIOKehyL1380809.5721597092,t,t,f,lorem ipsum
1341,51iazuN-+TL6725219.014377597,t,t,f,lorem ipsum
1342,71Mt4JAZQtL7238436.53815127,t,t,f,lorem ipsum
1343,71ZEPs9Y7CL6034858.459918482,t,t,f,lorem ipsum
1344,71L6HDQ211L4991859.623578652,t,t,f,lorem ipsum
1345,61HTK2fsTFL7449425.256602251,t,t,f,lorem ipsum
1346,71yEtz7yTyL6396337.43718027,t,t,f,lorem ipsum
1347,815cAIRfKjL9706103.953016661,t,t,f,lorem ipsum
1348,713RkW3M4IL9116767.179957043,t,t,f,lorem ipsum
1349,71jTFnk7XiL5191857.050915507,t,t,f,lorem ipsum
1350,71+1lOl1Y1L296112.9636615478,t,t,f,lorem ipsum
1351,71g9X7W9K3L3356921.969166342,t,t,f,lorem ipsum
1352,81zcUyiNcUL7610467.35783314,t,t,f,lorem ipsum
1353,71JqyTBiXrL4407108.239700424,t,t,f,lorem ipsum
1354,81sq-a+suJL6248526.914076358,t,t,f,lorem ipsum
1355,415G0bg-hiL2249828.452668587,t,t,f,lorem ipsum
1356,71CR6drcruL8100706.172159493,t,t,f,lorem ipsum
1357,71uu-S9fsCL9131359.504819442,t,t,f,lorem ipsum
1358,71Sp6M--UpL8771097.746842945,t,t,f,lorem ipsum
1359,61TvWKCQy1L2519548.0095607834,t,t,f,lorem ipsum
1360,819hAP4xoGS116927.86048052018,t,t,f,lorem ipsum
1361,71tXLOE7wIL5113226.679477687,t,t,f,lorem ipsum
1362,91pjZAMbEUS2702364.1044729296,t,t,f,lorem ipsum
1363,71ctRE34RuL1381256.6207788303,t,t,f,lorem ipsum
1364,6142LSpf6xL521957.0836495646,t,t,f,lorem ipsum
1365,814KnXVtcsL6620993.312684604,t,t,f,lorem ipsum
1366,71v0BQo8T8L9789637.85054186,t,t,f,lorem ipsum
1367,71aBWpq3-uL3822497.3518433436,t,t,f,lorem ipsum
1368,71VEccvirEL9858793.251160052,t,t,f,lorem ipsum
1369,51yQZVfP7BS4516859.244216711,t,t,f,lorem ipsum
1370,51aUHrUHq-L2846684.0520673944,t,t,f,lorem ipsum
1371,41GM+FKwXpL7223162.7413396975,t,t,f,lorem ipsum
1372,61J5Oz1CA9L7545342.190061164,t,t,f,lorem ipsum
1373,71LBqYGzBrL7198117.866245741,t,t,f,lorem ipsum
1374,61eEMFP2HfL8104662.454069513,t,t,f,lorem ipsum
1375,81ya-I8k1tL8484657.303193575,t,t,f,lorem ipsum
1376,61LmV2Bq7CS8541489.09526631,t,t,f,lorem ipsum
1377,41EqPxSRKhL7032380.487293062,t,t,f,lorem ipsum
1378,61Z9+l2VotL1797747.2950982775,t,t,f,lorem ipsum
1379,41wW-0TVo1L5447292.981614136,t,t,f,lorem ipsum
1380,615YipeumnL1593573.262045622,t,t,f,lorem ipsum
1381,61txXqoc67L2760497.8701656256,t,t,f,lorem ipsum
1382,61p2N9v20+L2265816.3704609023,t,t,f,lorem ipsum
1383,71VJFeBRezL6339712.810857621,t,t,f,lorem ipsum
1384,71VEccvirEL7354875.875763282,t,t,f,lorem ipsum
1385,71llqqSTrVL6340058.19186989,t,t,f,lorem ipsum
1386,71pmB6aaZOL4983844.2563619865,t,t,f,lorem ipsum
1387,71qPgS2SfXL3908799.555454421,t,t,f,lorem ipsum
1388,71BjTRukTTL6142196.1257911865,t,t,f,lorem ipsum
1389,612D8euFf6L9515750.565288318,t,t,f,lorem ipsum
1390,71XHPuLiHVL7632504.89948192,t,t,f,lorem ipsum
1391,81lCHvmMXNL4210632.848732872,t,t,f,lorem ipsum
1392,81vWq6mJVKL4716492.31679739,t,t,f,lorem ipsum
1393,613cCcxLcrL5560821.863790937,t,t,f,lorem ipsum
1394,61gQGCAWwzL9386855.698731465,t,t,f,lorem ipsum
1395,81llNL67rrL8617051.275337791,t,t,f,lorem ipsum
1396,71Wua1rRkEL2000479.622678475,t,t,f,lorem ipsum
1397,41-goVzRp5L1967370.9721474063,t,t,f,lorem ipsum
1398,5162EFP6uoL7675192.502718389,t,t,f,lorem ipsum
1399,71KwRajW1DL4687692.27039364,t,t,f,lorem ipsum
1400,81Rh7ImOpYL9123676.066388346,t,t,f,lorem ipsum
1401,61cM96AWtnL5009764.592314064,t,t,f,lorem ipsum
1402,51janadm4zL9786729.906003872,t,t,f,lorem ipsum
1403,31rhpHQXbcL7164985.542350506,t,t,f,lorem ipsum
1404,711MgPoMoUS6835163.240401368,t,t,f,lorem ipsum
1405,710Q6tUttYS7376865.377499429,t,t,f,lorem ipsum
1406,61jMvouBFTL5502325.599675895,t,t,f,lorem ipsum
1407,51-B-laB-2L3488720.4286327255,t,t,f,lorem ipsum
1408,71Elz62-K2L5289840.284258289,t,t,f,lorem ipsum
1409,71EkPXPybyL127593.19679496395,t,t,f,lorem ipsum
1410,617-A68DZaL3085694.6349960766,t,t,f,lorem ipsum
1411,81EFbzAltVL27296.80089318176,t,t,f,lorem ipsum
1412,81ChTbPNGHL1877239.2265536885,t,t,f,lorem ipsum
1413,91Q3QLRCtDL6162247.569935253,t,t,f,lorem ipsum
1414,61BxyOVxo8L1650463.6368860726,t,t,f,lorem ipsum
1415,41zhzBAr2fL8690385.826287998,t,t,f,lorem ipsum
1416,61QISnaokkL9155453.512064504,t,t,f,lorem ipsum
1417,61xMVqEDG1L7325257.7296643425,t,t,f,lorem ipsum
1418,51p4Z7CbU3L2583436.3658280955,t,t,f,lorem ipsum
1419,51-V9QkpIhL3299163.983484561,t,t,f,lorem ipsum
1420,51ckAgWjuUL16125.184858739594,t,t,f,lorem ipsum
1421,81+2lQEsB4L7533186.607771007,t,t,f,lorem ipsum
1422,51QXXNs5Z9S4587556.192502162,t,t,f,lorem ipsum
1423,41rUE2ReupL6979880.62635174,t,t,f,lorem ipsum
1424,410w6UzpWyL2801201.862777272,t,t,f,lorem ipsum
1425,71oF0kIa1-L2343826.694170481,t,t,f,lorem ipsum
1426,61LFI6LVrdS3534381.950930927,t,t,f,lorem ipsum
1427,81Rh7ImOpYL4857910.637706761,t,t,f,lorem ipsum
1428,51janadm4zL2850190.088674951,t,t,f,lorem ipsum
1429,61cM96AWtnL6154137.632242795,t,t,f,lorem ipsum
1430,71CUmyhYe2L3579530.3162858263,t,t,f,lorem ipsum
1431,61zuO12F1PL5791461.593275851,t,t,f,lorem ipsum
1432,71evUMYBlcL1515233.8863621107,t,t,f,lorem ipsum
1433,71FWnuZNE3L4197173.5273506995,t,t,f,lorem ipsum
1434,815hk3xZ8lL664821.5430732996,t,t,f,lorem ipsum
1435,71zUbHdzbmL4961584.031803438,t,t,f,lorem ipsum
1436,81yeMQBB5cL3309442.7345801992,t,t,f,lorem ipsum
1437,616c0QxY0yL2583940.804972817,t,t,f,lorem ipsum
1438,51QGGW5vv9L3944415.6442326526,t,t,f,lorem ipsum
1439,A1xpLaLQigL3486669.5320289787,t,t,f,lorem ipsum
1440,71qO6JZZQML3026670.4158704495,t,t,f,lorem ipsum
1441,71InbrShrrL7850837.516275313,t,t,f,lorem ipsum
1442,81NXYXVOBsL319246.54771552153,t,t,f,lorem ipsum
1443,61kJnl2-mFL1252294.6429729643,t,t,f,lorem ipsum
1444,71KwRajW1DL3018878.6097379583,t,t,f,lorem ipsum
1445,51pJvGuGnZL5282988.658478269,t,t,f,lorem ipsum
1446,81mobFPzsvS9982479.52412466,t,t,f,lorem ipsum
1447,71jHAk+ZO6L6027984.39461437,t,t,f,lorem ipsum
1448,81yhTMDb1VL9591328.875589615,t,t,f,lorem ipsum
1449,61tfY72pI+L8024530.385050279,t,t,f,lorem ipsum
1450,71YI+ETehQL2871269.332510522,t,t,f,lorem ipsum
1451,61TM5JyVdYL8526174.209881326,t,t,f,lorem ipsum
1452,8146gI8s+SL8779598.762186222,t,t,f,lorem ipsum
1453,51k+SRP0NsL4087635.042185287,t,t,f,lorem ipsum
1454,41Ywqs93XzL4777575.329530732,t,t,f,lorem ipsum
1455,61x-djWgFPS1727722.5418495145,t,t,f,lorem ipsum
1456,61+E3xUcMnL6762847.6578094745,t,t,f,lorem ipsum
1457,81V01WqhtFL6503950.213083169,t,t,f,lorem ipsum
1458,81hLE-j5RjL7671134.8948770985,t,t,f,lorem ipsum
1459,71l3g488VVL3532586.6578050503,t,t,f,lorem ipsum
1460,71+MmN95WDL3428184.9291925193,t,t,f,lorem ipsum
1461,71o7TxUqcoL9134138.751880392,t,t,f,lorem ipsum
1462,61vdW+1n-XL6708836.016518074,t,t,f,lorem ipsum
1463,61V5d46EYfL6201185.697468627,t,t,f,lorem ipsum
1464,51lx2I-TUdS5220533.242000689,t,t,f,lorem ipsum
1465,81GSO31SBpL9588046.659733534,t,t,f,lorem ipsum
1466,719V0uXHVmL490802.6939290666,t,t,f,lorem ipsum
1467,61jgdJ-MYUL3811553.224005002,t,t,f,lorem ipsum
1468,61ICVSKmG5L2387907.4959364343,t,t,f,lorem ipsum
1469,7102cNuEccL6721347.255872033,t,t,f,lorem ipsum
1470,61m2iChYwWL9477968.005125992,t,t,f,lorem ipsum
1471,51AxWK248EL5544757.30232145,t,t,f,lorem ipsum
1472,51e-A6F8uHS1989439.8172217032,t,t,f,lorem ipsum
1473,61YxxE7s6xL750631.0849921283,t,t,f,lorem ipsum
1474,41tLPgZLJXL9921047.66554783,t,t,f,lorem ipsum
1475,71iutapQ1bL3777634.6292159604,t,t,f,lorem ipsum
1476,710h78r8ZEL7871348.017365773,t,t,f,lorem ipsum
1477,714egS4vZqL8182703.011589691,t,t,f,lorem ipsum
1478,61UCppCOneL3996301.5691341553,t,t,f,lorem ipsum
1479,71hAYw++bnL6111358.237468796,t,t,f,lorem ipsum
1480,61bWXLQZYkL8787741.900385393,t,t,f,lorem ipsum
1481,71w3gqXM-wL1124099.2156261508,t,t,f,lorem ipsum
1482,61kVDjDyznL6345227.513073668,t,t,f,lorem ipsum
1483,71KUnEChQYL252753.8912124383,t,t,f,lorem ipsum
1484,71+2jStnDXL3800791.7991721607,t,t,f,lorem ipsum
1485,71CTfhFtphL6763640.156051753,t,t,f,lorem ipsum
1486,71l3g488VVL5084887.220657843,t,t,f,lorem ipsum
1487,61kJnl2-mFL6080195.946715885,t,t,f,lorem ipsum
1488,71KwRajW1DL970918.7924833396,t,t,f,lorem ipsum
1489,81NXYXVOBsL3751555.8811714845,t,t,f,lorem ipsum
1490,41GM+FKwXpL2234487.563356955,t,t,f,lorem ipsum
1491,61J5Oz1CA9L9480118.204668168,t,t,f,lorem ipsum
1492,71LBqYGzBrL3016624.1983687514,t,t,f,lorem ipsum
1493,61eEMFP2HfL6445115.445183663,t,t,f,lorem ipsum
1494,81ya-I8k1tL1136644.7284305536,t,t,f,lorem ipsum
1495,61LmV2Bq7CS1522918.7666742129,t,t,f,lorem ipsum
1496,41EqPxSRKhL9956334.516080065,t,t,f,lorem ipsum
1497,61Z9+l2VotL7927291.198043251,t,t,f,lorem ipsum
1498,41wW-0TVo1L5348750.077533448,t,t,f,lorem ipsum
1499,615YipeumnL1111630.6461584235,t,t,f,lorem ipsum
1500,61txXqoc67L9246248.700376565,t,t,f,lorem ipsum
1501,61p2N9v20+L6067645.728449278,t,t,f,lorem ipsum
1502,71llqqSTrVL4516432.609725818,t,t,f,lorem ipsum
1503,81NXYXVOBsL2775115.359904219,t,t,f,lorem ipsum
1504,71KwRajW1DL1915803.5093299919,t,t,f,lorem ipsum
1505,81hLE-j5RjL9398547.615367305,t,t,f,lorem ipsum
1506,71qPgS2SfXL8811111.270500606,t,t,f,lorem ipsum
1507,71BjTRukTTL4384422.818943421,t,t,f,lorem ipsum
1508,612D8euFf6L1740876.3186834864,t,t,f,lorem ipsum
1509,71XHPuLiHVL3164895.834469066,t,t,f,lorem ipsum
1510,81lCHvmMXNL2324683.9012908516,t,t,f,lorem ipsum
1511,81vWq6mJVKL523992.3762155696,t,t,f,lorem ipsum
1512,613cCcxLcrL8676658.90472656,t,t,f,lorem ipsum
1513,61gQGCAWwzL6545894.876939105,t,t,f,lorem ipsum
1514,71Wua1rRkEL7001577.356954394,t,t,f,lorem ipsum
1515,41-goVzRp5L982382.858677695,t,t,f,lorem ipsum
1516,5162EFP6uoL6149490.992333002,t,t,f,lorem ipsum
1517,31rhpHQXbcL812960.6502375731,t,t,f,lorem ipsum
1518,61cM96AWtnL502761.3195176839,t,t,f,lorem ipsum
1519,71l+xUwaLGL6174027.5930447085,t,t,f,lorem ipsum
1520,51dg3piXiyL206629.03994414172,t,t,f,lorem ipsum
1521,51dg3piXiyL1987329.1669240922,t,t,f,lorem ipsum
1522,711MgPoMoUS6295926.40001545,t,t,f,lorem ipsum
1523,710Q6tUttYS2310727.2881304785,t,t,f,lorem ipsum
1524,61jMvouBFTL3310350.862850597,t,t,f,lorem ipsum
1525,51-B-laB-2L8948124.396311687,t,t,f,lorem ipsum
1526,71Elz62-K2L8042889.111046909,t,t,f,lorem ipsum
1527,71EkPXPybyL4794527.372741966,t,t,f,lorem ipsum
1528,71EkPXPybyL6525264.413972829,t,t,f,lorem ipsum
1529,617-A68DZaL5455195.763996075,t,t,f,lorem ipsum
1530,81EFbzAltVL953067.7317867209,t,t,f,lorem ipsum
1531,81ChTbPNGHL7066253.217008324,t,t,f,lorem ipsum
1532,91Q3QLRCtDL9924626.777494859,t,t,f,lorem ipsum
1533,61BxyOVxo8L6353119.082990031,t,t,f,lorem ipsum
1534,41zhzBAr2fL4875969.792869717,t,t,f,lorem ipsum
1535,61QISnaokkL1274597.9968406495,t,t,f,lorem ipsum
1536,61xMVqEDG1L2765013.901496971,t,t,f,lorem ipsum
1537,51p4Z7CbU3L8875456.535792952,t,t,f,lorem ipsum
1538,51-V9QkpIhL5708506.251686334,t,t,f,lorem ipsum
1539,51ckAgWjuUL8267394.683504945,t,t,f,lorem ipsum
1540,81+2lQEsB4L1484552.2905474917,t,t,f,lorem ipsum
1541,51QXXNs5Z9S7772612.574529212,t,t,f,lorem ipsum
1542,41rUE2ReupL437171.7961856159,t,t,f,lorem ipsum
1543,410w6UzpWyL2926275.084167347,t,t,f,lorem ipsum
1544,71oF0kIa1-L6526345.842945127,t,t,f,lorem ipsum
1545,61LFI6LVrdS4391395.467230388,t,t,f,lorem ipsum
1546,61cM96AWtnL8053784.869081444,t,t,f,lorem ipsum
1547,81NXYXVOBsL7617033.655698211,t,t,f,lorem ipsum
1548,71l+xUwaLGL2045104.3410537718,t,t,f,lorem ipsum
1549,71CUmyhYe2L4634709.609566696,t,t,f,lorem ipsum
1550,61zuO12F1PL5049711.66219337,t,t,f,lorem ipsum
1551,71evUMYBlcL2212029.524911181,t,t,f,lorem ipsum
1552,71FWnuZNE3L852635.7680905816,t,t,f,lorem ipsum
1553,815hk3xZ8lL1449832.984597117,t,t,f,lorem ipsum
1554,71zUbHdzbmL1535363.3297755742,t,t,f,lorem ipsum
1555,81yeMQBB5cL4941194.948184389,t,t,f,lorem ipsum
1556,616c0QxY0yL1974190.642091036,t,t,f,lorem ipsum
1557,51QGGW5vv9L3709564.886046266,t,t,f,lorem ipsum
1558,A1xpLaLQigL9263233.283720795,t,t,f,lorem ipsum
1559,71qO6JZZQML7353846.071663191,t,t,f,lorem ipsum
1560,71InbrShrrL1915883.0970315032,t,t,f,lorem ipsum
1561,81Rh7ImOpYL6928936.348218091,t,t,f,lorem ipsum
1562,51janadm4zL5796937.479085975,t,t,f,lorem ipsum
1563,61kJnl2-mFL5940194.096751157,t,t,f,lorem ipsum
1564,81hLE-j5RjL2014386.298237454,t,t,f,lorem ipsum
1565,81mobFPzsvS5200287.976818596,t,t,f,lorem ipsum
