uid,first_name,last_name,email,phone,dob,country
T9T4_zQ0tObKDEwTl5txK,Makenzie,Osinski,Fay_Muller@hotmail.com,927-344-4555,1992-11-19,Heard Island and McDonald Islands
kuvbCvNPHZBcd6-BxJLE8,Jan,Graham-Tromp,Idell_Leffler55@hotmail.com,805-200-5405 x585,1997-05-10,France
QdLARYDrfIpWJWk8AFHou,Shannon,Dach,Destiny.Doyle@yahoo.com,414.742.9239 x18752,1978-08-29,Central African Republic
Tm6OADc5uU7S_bJzgmO52,Gage,Legros,Zelma14@hotmail.com,643.598.1119,1979-01-20,Bolivia
mmwLxuKRqR-U1Y8fHgpAE,Gage,Schuster,Lou71@hotmail.com,901-897-1791 x95426,1974-05-22,Nepal
nJekypkGCXrw9v4Z5hHTw,Marquise,Wuckert,Clarissa47@hotmail.com,1-390-703-5785 x824,1987-05-21,Palestine
nhh-3y9KicUKWZcX_KiEs,Chelsey,Kertzmann,Joannie_Raynor@gmail.com,915-565-2565,1974-08-17,Puerto Rico
mQOVHAjqc-5Q9wzAkfF8H,Ruby,Wisoky,Mose24@gmail.com,1-292-251-6009 x28699,1977-12-25,Malaysia
kgJe6aLpR2BxmzrBYnUY3,Jacey,Klein,Lawrence67@yahoo.com,1-426-485-1188,1989-08-26,Dominica
zVdcJE5GXDnsNeZf_0rfk,Rogers,Prosacco,Demarco_Luettgen@yahoo.com,554-771-0674 x204,1954-01-22,Uganda
gbUGqGzwmpaUcsUasnciz,Edd,Tromp,Ricardo_Ferry84@gmail.com,(281) 933-7385,1992-11-21,Aruba
IZUCZqrfw-h2JUPKsmhjq,Dario,Kulas,Wilbert_Russel59@hotmail.com,873-974-9451 x2026,2003-03-21,Armenia
BBGm6ESTGWvk8fekc9TFn,Syble,Willms,Cristal_Bashirian@yahoo.com,922-525-8897 x9025,1960-03-20,Norfolk Island
xU0OiIaRNavfV62qiqgbK,Jalen,Brekke,Myra_Brekke25@gmail.com,565-660-3706 x3798,1994-02-15,Democratic People's Republic of Korea
LIptQitsCm16K_86f_Ab5,Freeman,Swift,Rhoda.Kunze67@yahoo.com,346.865.2215 x2999,1972-09-01,United Arab Emirates
K-gWs3USVsmm6f70G2LHH,Wilfredo,Brakus,Claudine.Greenholt@gmail.com,1-848-266-6997 x13303,1977-04-17,Lesotho
xQbcL1d6aJ-ofP8ddZM02,Veda,Haag,Lonny86@yahoo.com,1-768-600-4563,1998-01-14,Czechia
G2hgeXlEI-Wghu-TCApvL,Dameon,Waters,Tad.Schinner@yahoo.com,(933) 397-3219,1948-11-28,Kuwait
gQj9VaELEpCcxrSIrRKtC,Zackary,Hoeger,Larissa_Fahey66@yahoo.com,548.363.8519 x61471,1972-04-27,Equatorial Guinea
b-ysTmB8l2s5f0WBzU_Re,Sherwood,Walker,Nickolas_Kihn84@yahoo.com,1-965-471-6957 x45813,1958-05-25,Liechtenstein
kSeoUzG8xlIcFx91p0rQd,Holly,Kassulke,Manley17@yahoo.com,(986) 926-6945,1973-12-31,Dominica
lDIM7HOPe8ww0g50YIjXY,Amos,Watsica,Marisa.Hoeger34@yahoo.com,821-553-4930 x161,1957-04-27,Vietnam
zo-NE3_rmBhTsdrklYwRB,Austen,Okuneva,Bethel39@yahoo.com,1-823-844-2956 x3040,1972-02-25,Tokelau
AXFZJ1zJC64WRfgewGj9f,Remington,Kautzer,Peggie.Schiller@hotmail.com,586.239.2591 x5735,1993-05-06,China
2CW4lbMhl9e1uc-ezTawv,Nakia,Koss,Colleen10@yahoo.com,1-445-699-4997,1965-10-01,Grenada
m5s8SPXwVssg8_N2t8YHt,Joannie,Hahn,Carli_Heaney76@yahoo.com,655-369-3800 x8992,1991-06-19,American Samoa
fDewE0L2-N0jumZKrzIt_,Morris,Reinger,Astrid_Stracke56@yahoo.com,1-875-819-1142 x504,1955-12-14,Brazil
xBQCQbTM24MkN4dy_Je37,Jett,Schinner,Damian_Doyle@gmail.com,515-397-8907 x5284,1985-04-18,Hong Kong
Qi4iArE9sx8LA300jCFx2,Queenie,Jakubowski,Yasmin_Crona@yahoo.com,538.940.3945 x790,2005-03-22,South Sudan
wTb-DvdCd1JBRhjOIJeCC,Karine,Wuckert,Valerie.MacGyver@hotmail.com,884-599-0150 x2116,1970-05-07,Madagascar
B0eZd9pFXoRCpQKRxp2kp,Minerva,Williamson,Roberto_Anderson58@gmail.com,234-340-1186 x3632,1992-12-03,Paraguay
xFcFY9nKoUwxTB9VULpSc,Raymundo,Okuneva,Juliana_Howell@hotmail.com,952-855-0946,1962-08-07,Kyrgyz Republic
cmMMOiVrIeCJAURaEFeLu,Enid,Walter,Della_Roberts-Mraz@gmail.com,(646) 515-1096 x696,1970-01-01,Vanuatu
5Br2XYyt9jTOQBIvEJVzL,Bonita,Wuckert,Amalia23@gmail.com,585.618.9522,1979-04-15,Dominica
U9JLgElugFZ1igT76VUkE,Aylin,Considine,Jaycee.Heaney54@hotmail.com,1-804-832-0404,1948-10-22,Malaysia
vD9zDEbNyU8nsw61vdxDE,Kendall,Williamson,Novella18@gmail.com,1-615-797-9013,1944-09-07,Malaysia
axt-1JeWmaOKIX_7CKuO3,Jazmyne,Towne,Adella_Orn@gmail.com,(757) 377-0786 x667,1984-11-10,Niue
Gavfo69JyFb0X2CXPMG1o,Foster,Bartoletti,Breanne_Grimes20@gmail.com,444.748.2608 x804,1974-11-22,Grenada
pGzJfP8FMWh1-2HzENRXJ,Alvis,Reichel,Hellen6@yahoo.com,656.217.8829 x99084,1990-03-24,Aland Islands
KmjMeHunqgcEsBLtYlbV2,Julian,Hagenes,Camylle.Monahan-Dietrich61@yahoo.com,285.298.3569,1959-05-09,Myanmar
_ifjkoWqzSWyO_8ChZFUf,Harley,Borer,Aditya_Bernier@gmail.com,1-836-757-7711,1945-06-15,Brazil
UkcLaboan5HVn3D-tzJkh,Otis,Feil,Lisandro21@yahoo.com,429-509-3694 x46842,1999-11-25,Rwanda
EixDXzJtU9Kh2u8g7qvvO,Kennedi,Stamm,Sigrid.Gulgowski28@yahoo.com,(394) 766-5797 x85591,1970-04-13,Saint Barthelemy
vdXczjRV21t77hzq0u_WS,Scarlett,Connelly,Camden_Hermann@yahoo.com,1-639-938-2040,2003-09-14,Solomon Islands
VX6QKX39e0p32TqV2idzT,Madeline,Thiel,Timmy.Greenholt@hotmail.com,(935) 471-7444 x5978,1978-10-16,Bolivia
65zMF1xh0V9Gclr2bzsXi,Michale,O'Connell,Zackery.Ward@gmail.com,783.929.3383 x8612,1979-10-31,Taiwan
NpA3HLU3Lq3BLJ7WXtzR3,Hugh,Trantow,Garfield_Schamberger21@hotmail.com,604.421.4732 x7497,1982-12-21,Chad
JkNvDGMdW6kG9BKua429v,Keagan,King,Elliot.Jacobi@hotmail.com,(604) 933-0506 x260,1945-08-13,Wallis and Futuna
iXN7PS8e5X2NVB71jqCBR,Candice,Turcotte,Demetris_DAmore@gmail.com,1-837-508-1040,1994-02-24,Norway
pNf6b0KV0MA1LgC9J5UrV,Melisa,Russel,Lydia30@yahoo.com,(705) 399-2540 x33541,2005-07-30,Colombia
6D9vmcQnzbPHvUVwWhtkI,Jamaal,Walker,Kennedy.Smith-Bernhard@gmail.com,234-399-7383 x352,1980-03-03,"Virgin Islands, British"
AafpYeTXCbofdUiNclbb7,Ephraim,Bosco,Nathen_Cremin65@hotmail.com,976-518-5624 x548,1982-08-18,Timor-Leste
HsAQY--tyWGT6i0WdVWAP,Leif,Fay,Jerod_Armstrong15@hotmail.com,(249) 765-9503 x562,1980-02-26,Czechia
AG0FFJkOnXbx1YspAvH0G,Amparo,Kiehn,Tania.Daugherty12@hotmail.com,675.714.3142 x67314,1972-06-11,Lithuania
c2cT7rUkzfTIH7JPYUJex,Floyd,Runolfsdottir-Mann,Aiden77@yahoo.com,434.351.2975,1945-08-11,North Macedonia
JJ5DsPptkzORkIW2OM0X9,Dejon,Schultz-Larson,Jett89@yahoo.com,(851) 802-8490 x20012,1964-02-21,Falkland Islands (Malvinas)
sGCltkC8QRucR8fqnP-A-,Arnold,Considine-Schumm,Patricia_Feeney@hotmail.com,1-407-924-0974 x0329,2000-01-23,India
J9DT3RCT_6Md6yoPAxaS-,Collin,Koepp,Zena.Raynor-Hessel@hotmail.com,1-465-433-0036 x151,1956-02-09,Poland
BgJ_bUn4bQKlR6SRsEnei,Dave,Roob,Ilene.Jenkins3@yahoo.com,(563) 995-3548 x901,1964-05-14,Estonia
A3Lsnr4Cq1x-Pfmq83bU_,Gisselle,Cassin,Donna_Kling75@yahoo.com,606.783.0236 x502,1993-02-11,Chad
Z8UFBeLSKBw2YoSfC5dz1,Murphy,Farrell,Quincy43@yahoo.com,391.935.3705 x0632,1964-12-29,Marshall Islands
B44_zKXy9-PdzJALv87gP,Sheldon,Veum,Bradley.Emard37@hotmail.com,(537) 864-5987 x018,1964-11-25,Fiji
OglTRzdC5myxTIZaz5LHQ,Leonora,Keeling,Olga_Koch53@gmail.com,382.585.2979 x92283,1988-01-09,Maldives
6NAT9v1ilu5OA_7GU3_Bf,Nikolas,Welch,Paolo_Marquardt@hotmail.com,647-836-0239 x7393,1986-10-30,Nepal
lcCEHegx-MdGlhdqyCNiN,Rosalinda,Hamill,Christian.Fritsch@yahoo.com,(413) 314-5432,1949-01-20,Niger
pg8xguyZL4pxgdHD6ObWy,Walton,Hahn,Megane19@hotmail.com,594-247-3917,1995-02-18,Chile
Ewwv_AMQhanPx1oqkh70M,Norene,Fahey,Laisha_Wisoky@yahoo.com,1-979-479-6790 x203,2000-02-03,Guinea
FPRs1Sik7xHgTn8ztYAQL,Tremaine,Rosenbaum-Kutch,Holly_Deckow94@gmail.com,(471) 338-3836 x1863,1952-08-17,Kenya
aMpPDXcqBROIyFzP9QMR9,Jamir,Parisian,Sienna_Turcotte76@hotmail.com,736.701.4433 x13875,1948-11-19,Ireland
0rb9n8jKsXebNKOdcuOG6,Astrid,Steuber,Delphia_Stiedemann@yahoo.com,(825) 458-4983,1978-11-29,Andorra
YKLG67wjy5mUuevKjdla5,Kamren,Reichert,Roxanne.Klein-Padberg38@gmail.com,482.935.1723 x0614,1966-11-29,Mozambique
dHt8tWI0Zf57Bd9DdwSLn,Serenity,Becker,Kamille_Johnston36@hotmail.com,(278) 903-2669 x15643,1948-11-12,Bosnia and Herzegovina
irxf9b5ert4U0okVKYzmS,Edmund,Predovic,Rebekah_Kertzmann-Dicki49@gmail.com,1-858-622-8925 x48094,1989-03-07,Cambodia
fxtoZjkiM_VP-Qc6dP_At,Henriette,Batz,Al20@gmail.com,1-706-864-2760 x20789,1983-06-17,Bulgaria
X8pg1jV4xrT6me17kMfDN,Liza,O'Connell,Cordia.Thompson75@yahoo.com,(539) 370-7388 x5004,1961-02-28,Tokelau
kTPBqEV4NiGz07kCllZl_,Kaleb,Friesen,Susie.Lesch@yahoo.com,828-519-7130,1969-04-08,Germany
BFb96BYEHZhW65ggRZu5l,Major,Wilderman,Aaron.Herzog@yahoo.com,365-667-2522,1987-11-21,Italy
YMilLy70yg4O1A5VuH97r,Felicita,Mohr,Kaylie.Barton-Jacobson22@yahoo.com,713-659-0805 x2634,1997-08-30,Fiji
r3N-Ry1REL7FzFQSD2pXG,Jessika,Gleason,Christopher.Ullrich84@hotmail.com,1-463-698-6401 x9638,1983-02-14,South Africa
jyz8fejIfSyLLJ8JfNo1c,Era,O'Hara,Domenico30@gmail.com,541.722.5479 x3080,2002-09-14,Cook Islands
IR1sesaGQKY41EAKuBIrh,Claudie,Schamberger,Savanah_Ankunding@yahoo.com,581-609-5354 x235,1998-06-26,Mauritania
h8C42q9egslNjQZEcDDPE,Ellen,Abshire,Abel_West10@gmail.com,1-262-567-4910,2005-12-01,Solomon Islands
3wN4lJ8M_XbtOX4_3eamB,Dustin,Abbott,Claire_Bradtke78@gmail.com,611.219.6928 x716,1950-09-13,Palau
AQWfvki-SJMdPI13TKmag,Lorenzo,Heidenreich,Michael_Russel61@yahoo.com,651.774.4630 x642,1992-06-18,Greece
zvoZ_h5Ky1y_sU8Nwyrhm,Ardella,Schmidt,Laurel_Kuhic@yahoo.com,(980) 781-2260 x9217,1972-09-14,Cambodia
uVGUzaQbrP4aw1hEMpKIT,Viviane,Gutmann,Kristy_Blick84@yahoo.com,755-229-6430 x9106,1945-04-22,Cameroon
f-aHRCsJ-Nf1zRiv3P4Cf,Julie,Stroman,Napoleon_Harvey-OConnell@hotmail.com,1-629-962-9364 x193,1966-09-10,Martinique
YHevsBYsVr-RupElgt_aS,Jay,Ward,Noemy_Hahn86@hotmail.com,490-686-6073 x272,1972-10-14,Tuvalu
Imq7L5XK7tvCPixraS5TS,Dante,Nicolas,Ansley25@hotmail.com,(317) 564-8939 x4314,2004-09-18,Malta
eYjI2kKDoKgXKOH321IIO,Laisha,Jerde,Armand.Will81@yahoo.com,780.761.7721 x64339,1990-09-29,United Arab Emirates
I-WN1GhG1WRz_BZwgUebN,Lois,Heathcote,Wyatt59@gmail.com,235-349-7984 x828,1957-01-19,Guinea-Bissau
m6JOgM9nTnEzfWfdzrc1n,Vallie,King,Elmira5@yahoo.com,(828) 515-8335 x595,1998-02-04,Lesotho
JmxnbwPbdsq_dozlxYeZ8,Jade,Hagenes,Laurine.Gulgowski@yahoo.com,1-287-604-5505,1998-01-20,Australia
PxjQOMXBPAFy32vzGEDIw,Vicky,Daugherty,Lulu.Grimes@hotmail.com,1-896-937-5828 x909,1961-04-27,Niger
_Fm0sltAYsKHUVpYDOAI8,Rosemarie,Durgan,Jeff11@hotmail.com,1-575-879-2315 x064,1967-01-30,Trinidad and Tobago
dZPx0HGCzGDVVXr98Hz_B,Aglae,Baumbach,Retta_OConnell7@gmail.com,1-839-787-9246,1980-08-04,Kenya
5Dpck6M7JTIKKZkHXBrKt,Alejandrin,Wisoky,Bertram.Treutel41@gmail.com,1-834-535-0670 x24611,1958-10-16,Haiti
wUlIRwYMnEn8NzDHKlC0d,Brycen,Brekke,Eldridge_Ryan@gmail.com,824-990-3180 x7598,1981-08-28,India
VAmBosMqCI4TPdXFC39pa,Regan,Dietrich,Willard_Grady@gmail.com,1-285-584-2752 x453,1947-12-02,Aruba
IvZY-OS6EUVWO7lRXzNWg,Meta,O'Conner,Hilma47@gmail.com,(610) 862-7307 x4613,1994-07-29,Cocos (Keeling) Islands
4QsIA7Aegx5GwuRx70Z0B,Jevon,Kertzmann,Alexis_Barton@hotmail.com,701-740-1892 x78735,1951-02-02,Seychelles
_mf5Uewo3Q9EQLEWOfrUZ,Zula,Powlowski,Sabryna_Larson@hotmail.com,496.909.5291,1961-11-27,Palau
FmTpdGemzb0L9q2swRJgw,Gustave,Lynch,Javon18@hotmail.com,(953) 796-2720,2004-03-10,Qatar
WihiKmynsz7-6ebHYnXqI,Katelyn,Mueller,Nicolas_Welch33@hotmail.com,(674) 501-4930 x75373,2005-08-16,Seychelles
y7efQ7MTO1VHAT6PVrlwb,Leonie,Zulauf,Georgette21@hotmail.com,235-331-6738,2004-07-29,Thailand
z5y_Qe6yi7eNlMgfiW7o2,Nico,Murazik,Litzy53@gmail.com,328.997.4294 x8931,1946-11-20,Belgium
ftDymzE_Cmq589GbRI-my,Toby,Dach,Margie62@hotmail.com,280.966.9947 x3700,1988-06-18,Panama
1rBPeVzszwzGSpbU6UUB2,Graham,Robel,Olin.Osinski@yahoo.com,590-568-5127,1955-12-28,Macao
Y3QvzQJTBS0r0Gucpb4Aw,Jody,Morar,Kaley.Weimann13@yahoo.com,(703) 306-4751 x742,1951-02-08,Greenland
Zf6uI1ctJgc-gJ1_A_6um,Christian,Beahan,Kavon_Rolfson@hotmail.com,1-976-842-0229,2002-03-28,Jersey
6jsRV7veL5gi6gldRED8w,Dario,Denesik,Astrid.Lynch89@gmail.com,483-303-5072,1972-07-07,Kenya
OUUjOl6rEynhs0e_tpxop,Jaren,Kub,Alaina_Kiehn1@gmail.com,(259) 880-2985 x42144,1984-12-31,Colombia
1ICRVKqg5z3tqjcNRxT_K,Jermain,Turner,Cyril.Schroeder81@gmail.com,(304) 678-4753,1971-08-02,Armenia
WaCNmqKtfthOGlBPT0xbO,Demarcus,Gerhold,Aimee.Luettgen@gmail.com,407.677.6746 x65058,1985-10-11,Indonesia
SUfc3w1QFzBwQ8OzleUI-,Edyth,Strosin,Marian43@hotmail.com,(943) 497-4302 x4745,1999-11-06,Yemen
a20bKU5-rvJHp-zov6ywk,Gerard,Huel,Chaya74@hotmail.com,203-475-2675 x7496,1972-03-15,Pitcairn Islands
qFey86W4HCeKeMUHOqQZg,Norris,Kilback,Riley_McKenzie88@yahoo.com,(603) 700-5007 x78432,1999-12-11,Namibia
mIXysiW8aBvBTt5uFC9h7,Jeremie,Ernser,Lauryn.Rice@gmail.com,(225) 238-2563 x5385,1964-03-10,Western Sahara
fJq-9lHAdSmHAj4gAw4FN,Adan,Welch,Broderick_Howell@hotmail.com,(817) 503-6337 x8445,2001-10-12,Poland
JyiOw3OGMIzWadNWH7TOX,Loyce,Gorczany,Axel40@yahoo.com,1-790-614-9648,1955-03-17,Georgia
_CMuID76Iq1PP0FZ7aqgf,Lonie,Rempel,Ladarius.Barton@gmail.com,1-615-969-7255 x713,1999-06-19,Morocco
vi_WUq0LoQz9NHfeOmmfE,Gwen,Ritchie,Roselyn_Wisozk@gmail.com,274-332-7886 x763,1995-06-16,Guernsey
pc3r6lQjS41lOgHj0vEg7,Tyrell,Stracke,Erin_Ondricka26@hotmail.com,1-851-212-5986 x003,1949-10-03,Belgium
5crWKsa2SCx0lNdRetRii,Penelope,Lind,Brain98@hotmail.com,308.844.5458 x0368,2005-04-08,Saint Lucia
8GUloXKA46ZikheHfUFdc,Corbin,Turcotte,Ryan.Trantow@hotmail.com,1-472-793-6981 x817,1958-07-27,Malaysia
rzRFltAmeCTdpDoLgMCVM,Ewald,Marvin,Rubie.Hamill-Morar27@gmail.com,973.283.3647,1990-07-23,Malawi
ppAsPKAqC9c2sXq1werJg,Hanna,Mohr,Queenie_Littel@yahoo.com,(374) 885-3225,1952-02-12,New Caledonia
iY9U21RVFX9UrYcCtq7U3,Leslie,Paucek,Cristal_Johnston22@yahoo.com,339-238-1858 x7344,1949-04-11,Norway
pfgnNEA9IgrTk2G7MM3aj,Stan,Koepp,Frances_Pouros-Harris83@hotmail.com,948-914-9048,1955-12-29,Ecuador
L23ovOeruQn35SaGALQOP,Lexi,Boyer,Maynard_Johns9@hotmail.com,1-617-541-1575,2003-05-26,Malta
_lXAnzGoBq4IJu9H3M49h,Ephraim,Rosenbaum,Randi.Von@yahoo.com,(618) 979-6601 x151,1945-09-05,Gambia
UgHaC2sIJ5hiqg61Pee8p,Aida,Jenkins,Rowland.Herman@yahoo.com,968-200-0054 x94202,1949-04-11,Japan
a5Ws_M6HLnkK2izMbMTgG,Myrtle,Dibbert,Nikolas_Raynor81@yahoo.com,1-338-752-7049 x6510,1951-05-18,Italy
OslFShFkoRaZKhd5MdEtR,Jakob,Satterfield,Ladarius.Brakus@gmail.com,(284) 704-8112 x5978,1997-10-02,Cyprus
Og5Zx3Ole6kRAtzzkSaug,Christian,Gottlieb,Maida.Daniel99@yahoo.com,1-740-571-0087 x19668,1987-09-12,Comoros
RuZI2hy_7mEpR4F_hxsaE,Edgar,Hilpert,Barney_Goodwin88@hotmail.com,708-281-4753,1951-11-03,Hungary
UtAZRta8RGlAwUGHSN2o3,Jade,Vandervort,Mikel_Padberg@gmail.com,(789) 393-3117 x5164,1964-01-13,Qatar
rp8JLVrZ6RdpY6X0jtMoM,Olga,Langosh,Tevin15@yahoo.com,253.550.5605 x2621,2004-11-14,Equatorial Guinea
aGvFc66ImC6XWvQXAHfIT,Beau,Bergstrom,Jeff57@yahoo.com,347-515-0079,1965-12-16,Comoros
pSC_mrecAVxtt86_WVjXi,Austyn,Metz,Daija14@gmail.com,(732) 284-2843,1973-05-11,Samoa
Wu5cIwDaLvbngQ1Klxms5,Hugh,Mann,Martin.Sporer@yahoo.com,334-844-0529,1996-03-01,Syrian Arab Republic
sER-DH424yXGsYo7nOyTN,Eugenia,Cruickshank,Flo.Carter@yahoo.com,558.609.8993 x30708,1953-12-18,Belize
EU0e-3foAfWRYvtIwExco,Talia,Larkin,Lia_Legros@gmail.com,(314) 752-2616 x7206,2003-12-21,Malaysia
6hUQxLQb_iVk0_fMkUsXW,Dale,Johnson,Asa_Hackett@gmail.com,1-232-780-8677 x7693,1985-12-12,Monaco
onCNFSS-36xmkL_BK4guX,Noel,Kozey,Karlee_Mayert@yahoo.com,396.644.3143 x09440,1986-07-14,Ireland
sfgS4KbWGRUQTN0HHV0UF,Antoinette,Rogahn,Furman.Kub87@yahoo.com,(250) 442-9445 x91252,1984-08-17,Martinique
G3UanX55F4Wsl33gOsuN0,Lionel,Durgan,Marcelina.Medhurst24@yahoo.com,793-775-3142,1966-02-18,Seychelles
u0sslX0FJIahpNEzYbIGZ,Electa,Stoltenberg,Felicity.Larson@yahoo.com,439.546.2322 x55357,1957-01-09,Uruguay
QFwd44sPJX3Sx70ng2Smc,Brittany,Walsh,Sandy.VonRueden21@yahoo.com,499-669-0938,1966-08-06,Turks and Caicos Islands
40164Vg2L2mXqqJgNRXBE,Mackenzie,Braun,Edison84@hotmail.com,979-651-3353 x65500,1998-01-30,Burundi
CMCz9AUA33sfY8mzbGP8o,Eriberto,Wyman,Euna53@gmail.com,(260) 218-7348,1985-12-08,Falkland Islands (Malvinas)
HhgMW8GdBub__LaWdZUAy,Mckenzie,DuBuque,Carleton_Swaniawski86@hotmail.com,313-236-7078 x507,1976-12-09,Somalia
SDrQEkgGyofheDi0EgcHS,Brandi,Dooley,Kristina_Padberg15@hotmail.com,929.276.0288 x045,1965-03-18,Svalbard & Jan Mayen Islands
6IdN-dR04w0p-iA-H2bCm,Daryl,Jakubowski,Yesenia54@gmail.com,810-318-6362,2004-07-30,French Polynesia
qmw8Uf9OIwxtvT6ShwsSB,Carlos,Hackett,Braden_Mante@hotmail.com,1-561-609-8087 x061,1960-11-04,Zimbabwe
f7RddDGQEQI_I021CrFCB,Matteo,Lindgren,Johnny.Hermiston76@gmail.com,751.900.2606,1980-12-09,British Indian Ocean Territory (Chagos Archipelago)
d05OITNDFbHRGZI6P-Ble,Jace,O'Kon,Addie.Satterfield@hotmail.com,972-815-9654,1990-07-09,Hong Kong
7tvRkjXI3KX3FnTBHLw2b,Kassandra,Fritsch,Coy.Blick-Streich32@gmail.com,202.864.7545 x8044,1948-05-04,Dominica
ivzyNFTFVfJy5pmuaOA0j,Amira,Doyle-Beatty,Catharine80@yahoo.com,866.855.5945,1997-08-26,South Africa
I8kYcf-kmuAr3Uxz7Jcyk,Rosina,Upton,Stephanie_Rodriguez@yahoo.com,1-513-594-9966 x0785,1988-11-10,American Samoa
TVSnJxqGYVzaQA1RTasUv,Reed,Bruen,Cleve.Franecki@hotmail.com,(765) 969-0875 x80113,1963-03-23,Syrian Arab Republic
Cry9NLkh0TCXR-w8UVBNg,Jalen,Harber,Maybelle_Fahey@yahoo.com,212.703.0726 x51359,1949-06-21,Estonia
bTy2HRN58nCrwMBokYiS0,Kraig,Dickens,Kenyatta67@gmail.com,(890) 348-1305 x58983,1997-02-27,Qatar
is0el_FJKiQ3PvJLacms-,Norma,Runolfsdottir,Cesar65@yahoo.com,645-786-6754 x1684,1982-09-29,Peru
dbUHRrdEZ-we8fJde2AoG,Jay,Johnson,Ilene.Graham16@gmail.com,1-730-320-5747 x81589,1999-07-03,Iran
jvPuZjLfPp2FFU1Zd1I65,Astrid,Grant,Ivah46@yahoo.com,543.290.0911 x3889,1968-06-17,Egypt
6BPShR82wqUcxstFJPkHB,Daphnee,Beer,Johanna.Harber61@yahoo.com,1-489-430-4817,1978-01-02,Armenia
AplRNxBVCO5B00ZGin7Oa,Erik,Upton,Larry83@gmail.com,492.665.7706 x158,1999-08-27,Czechia
SWJD_YVEZxljhBLfjdlaL,Salvador,Kuhlman,Daryl.Franecki98@hotmail.com,(637) 699-6064,2004-01-16,Trinidad and Tobago
lwyBDTr3hHy5F2APHAoU5,Hosea,Gerhold-Herman,Dannie_Steuber90@gmail.com,950.509.1211 x79978,2000-01-21,Cook Islands
JZuBzVcETpd2c25hYHkpc,May,Gutkowski-Deckow,Houston_Hessel64@hotmail.com,(243) 409-3647 x225,1955-10-24,Oman
TT8BZjgZ25tR6lLBqZZf8,Nash,Lemke,Hulda31@yahoo.com,628.833.6589 x85114,2004-08-04,Australia
qCkeE6XWJhp-SSIAhnxwa,Cielo,DuBuque,Kareem2@gmail.com,(628) 629-6479 x5392,1949-04-13,Malawi
ndIuhLgIf-w8eYlWTXvNG,Scarlett,Medhurst,Bradley.Klein5@gmail.com,(932) 341-9945,1964-02-04,Democratic People's Republic of Korea
AgSvLdmDvvKyEz8HLA2TL,Roderick,Sawayn,Yvonne.Crona96@yahoo.com,764-213-4860 x211,1946-06-25,Nicaragua
gVQWXkz5QOpjSBIE86FEh,Joey,Padberg,Ignacio_Carter@gmail.com,1-311-276-5682 x98629,1959-03-09,Bosnia and Herzegovina
XCnp-SwJBlHrqEGcnvcrj,Laurence,Carter,Ivah.Breitenberg@gmail.com,649.805.6586 x0720,2002-09-26,Iran
U7EwbZFiHYEorQhgWcI4X,Sydney,Schroeder,Bret.Sanford@hotmail.com,436-980-5135 x10039,1969-11-21,Sudan
T6nT0JQHnU_9WDmy-URIK,Johnny,Lemke,Ayden.Koepp57@gmail.com,1-511-460-5517 x8752,1987-01-10,Marshall Islands
nmekLFuT2gKyOmWBlmzHs,Candelario,Koss,Reginald46@yahoo.com,390-603-3931 x34236,1969-05-15,Afghanistan
ihZCr_Gk0rCG9tL-Tu4I6,Franco,Roberts,Waylon_Conn86@hotmail.com,817.525.6987,1995-05-17,Anguilla
MVSFxFbaqODhc3cZEj-Ab,Cortez,Hilpert,Cristopher28@yahoo.com,229.301.1080 x874,1955-07-27,Norfolk Island
61UWKYzY2Ds_7__YTRWpp,Mckenna,Cassin,Jana_Schulist@gmail.com,1-717-555-2226 x37268,1995-06-06,Marshall Islands
FlyUUfrPa-SDRRv_YVDl2,Emerson,Moen,Jessy14@yahoo.com,(916) 405-4791 x470,1987-01-26,Tanzania
DtZiwgTv-4cZ04adh8ruC,Robert,Senger,Leann70@gmail.com,273.605.8574,1965-01-06,Uruguay
PRWFg-p2_Ocfq2rg6NGiq,Kathryn,Swaniawski,Trystan29@yahoo.com,450-536-8786 x5857,1983-10-16,Cote d'Ivoire
bZehyXp7QeOGnruUyV1Co,Ashtyn,Gerhold,Hailey.Nader@gmail.com,890-306-3915,1944-06-11,Latvia
1yCb3Li1Wx6Ap2h-5uB8A,Renee,Swift,Bud.Doyle@yahoo.com,(877) 971-8848 x55518,1998-08-01,Aland Islands
arMiw00lCIgLyyUYm8wn7,Mayra,Kub,Madelynn90@yahoo.com,1-766-719-2922 x127,1970-12-27,Benin
LN9VFkCF1Wh5TL0gMKma_,Simeon,Larkin,Tre_Monahan39@yahoo.com,865-524-8708 x7554,1963-07-19,Venezuela
-ScDfS4YzSG2b_In81I6s,Braeden,D'Amore,Alana.Corkery2@gmail.com,1-398-387-8298 x256,1954-10-21,Lithuania
YWy4ImyoSL7eeMJe7VH6K,Mozell,Stokes,Asa.Green@gmail.com,(416) 935-4458 x241,1950-10-27,Gibraltar
lhDi83FIPSpyqSCJ7-Yu0,Sophia,Schmeler,Katelynn16@yahoo.com,1-298-887-4306 x99883,1995-05-06,Burundi
F4lNUE_Ze_mfoCestrV4_,Benny,Fritsch,Cameron.Johns11@yahoo.com,(972) 650-4138 x146,1966-09-18,United Kingdom
0ttq7SvfIEWLLUY9qBhXL,Gloria,Kovacek,Vinnie23@gmail.com,609.440.0885 x5481,1980-03-16,Sint Maarten
E01-jASP190MJf1mXnu5W,Casimer,Schmidt,Nikki49@yahoo.com,(595) 738-7675 x2345,1975-11-26,Montenegro
tuQNrlHPvnFqr3dKOosMA,Mauricio,Bergstrom,Tressie.Morar53@yahoo.com,1-673-650-1773 x613,1960-11-12,Ecuador
BeTqIeQipLbSPMDN8PoyQ,Dusty,Gusikowski,Americo.Boehm21@yahoo.com,231.826.3740 x538,1962-12-12,Zimbabwe
XLw-bqBknGPAMoWfkI5ff,Jalyn,Cassin,Grayce.Langosh@gmail.com,(904) 540-9802 x324,1966-11-10,Reunion
usf3jHKvj_FaYT7WnLm2Z,Ardella,Schmidt,Dorothy_Metz95@gmail.com,(313) 359-3333,1965-03-10,Sierra Leone
CwMtBMVT7cNqexIKOVibv,Talia,Kessler,Estell_Abbott@yahoo.com,(407) 807-5877 x934,1948-10-02,South Georgia and the South Sandwich Islands
WAcj0oeN5-VA427XVBLY-,Melody,Keebler,Marianna.Rice58@hotmail.com,1-919-963-4581,1956-04-29,Uzbekistan
PKYLtB7Ck1qTipIhBCZQd,Coralie,Conn,Cynthia_Labadie37@yahoo.com,388.836.0330 x88838,2005-09-26,Russian Federation
8snjl2ZFNI57IY5XGN0lG,Nelda,Swift,Lilian_Gislason@gmail.com,875-680-0612 x0378,1987-06-22,China
nbB_dUX9tu9MDY8Ceon2l,Merritt,Connelly,Tremaine_Crooks43@yahoo.com,471-229-7954 x77725,1993-06-02,Iceland
755LkIiffNNV7Vh7Salvl,Mariana,Buckridge,Erling2@hotmail.com,1-569-923-7682,1955-07-26,Guatemala
_PWRsQ-HuedHp6arNzCIj,Keenan,Lynch,Mina.Stanton@hotmail.com,666-394-9848 x1577,1946-03-20,Cape Verde
eLPnEWyNJ6-JUzB27KdIg,Tatum,Hudson,Michel2@gmail.com,(548) 781-1114 x44103,1981-12-09,Mexico
zqj2PnkU-wUSDJC1ovueX,August,Stark,Madelyn_Johnston26@yahoo.com,281-605-4259 x937,1965-09-22,Finland
gNJVb0I6aWmtC18USN6H-,Estelle,Christiansen,Marian41@yahoo.com,925.459.5553 x1317,1957-02-11,Belize
iQRuoi71K1sDupBwnKOs5,Emelia,O'Kon,Raven.Borer10@yahoo.com,337.263.0549 x1849,1978-08-26,Saint Helena
caOl7x6BCBMCbpV6E1sEr,Dolores,Predovic,Casimir_Walter@yahoo.com,308.421.0358 x435,1980-07-10,Marshall Islands
DO8f6IC1oZ6Ne66htlUXW,Branson,Pfannerstill,Kristofer_Willms@hotmail.com,1-910-529-8653 x9382,1968-11-18,Faroe Islands
h_Ee-jLQ4D0qL1fmZp-Lf,Sherwood,Berge,Hunter83@hotmail.com,1-736-912-9129 x907,1996-08-14,New Zealand
c-oMak92mkmXDwPC3tj6t,Gia,Prohaska,Lesly26@gmail.com,545-578-3419 x3378,1946-08-05,Ghana
2dKg_uxCxZKMLiZs69Hpi,Herta,Harvey,Florida_Paucek5@yahoo.com,(563) 960-1523 x39488,1997-07-18,Macao
9OpMA8LsRz4WWNlwpfO83,Gussie,Wolf,Cory.Shanahan93@gmail.com,(296) 447-6103 x005,1977-05-20,Liechtenstein
0FxdlkR8DFacFINupviaF,Annalise,Cassin,Napoleon.White34@yahoo.com,971-826-8029 x984,1998-02-10,Colombia
9ibYMRhUEp6cNDNwkO1AZ,Kira,Schmidt,Krystel_Hagenes@hotmail.com,(626) 499-1476 x7686,1963-03-11,Portugal
7FPA2GoZrUR5znzPTISer,Zoila,Koelpin,Catalina.Konopelski@gmail.com,308.973.7751 x6315,1978-10-22,Belarus
PROJjHge3P-k4ipQMCiNy,Gerda,Kassulke,Seamus.Runte17@hotmail.com,578.314.2665 x1508,1980-12-09,Syrian Arab Republic
ujMYwkbSCJzxXhwKSv8WG,Kendrick,Halvorson,Kendall_Koss20@hotmail.com,965-288-6085 x459,1962-03-29,Israel
lfeqtEx0kymRqkhRgDMZe,Nayeli,Spinka,Ladarius_Price70@yahoo.com,478-565-4613,1981-03-31,United Kingdom
307uncLWlVndYF_KJ0WiM,Enola,Lebsack,Jeff_Wisoky@yahoo.com,732-864-6424 x083,1979-10-11,French Southern Territories
7AJcQvp1n0t464ksVOiSf,Andres,Barton,Rigoberto_Morissette@gmail.com,(293) 818-3657,1949-10-08,Albania
JAHb89pwf9iWOFVhExzHS,Ivy,Homenick,Murphy_Walsh@yahoo.com,234-624-9928,1954-12-15,Guyana
Qc-_4NnOKbcnr75UYg4-K,Stuart,Stoltenberg,Ignatius64@hotmail.com,1-521-644-2678,1996-01-28,Sao Tome and Principe
Vyu5i25_NkHQ8OsnUn1pw,Makenzie,Dietrich,Sydney.Erdman@gmail.com,1-603-962-7220 x916,1973-04-03,Marshall Islands
QQn4HkFTtxrhIjnh-I7fr,Chyna,Nienow,Pansy.Schimmel28@gmail.com,1-826-906-2149 x875,1976-11-03,Nepal
eexLBdlzAHN1QkG4fJU7k,Diana,Langworth,Guy24@gmail.com,1-283-245-2167 x1389,1981-10-12,San Marino
hpqmjFczKKpRMqxDlmFnx,Myrna,Schiller,Ashley_Schowalter@yahoo.com,400-360-0194,1997-08-04,Poland
UQSDsSm4_D2khZhNlP2ME,Richmond,West,Donato75@hotmail.com,(642) 469-5359 x115,1989-12-13,Malawi
HEpHGd7aa4lF-6zU3TcU1,Blanche,Nolan,Nannie.Franecki21@gmail.com,884.455.9788,1968-01-18,Iceland
_hil9STuHYJZw-WPPWa9M,Dejuan,Sporer,Garnet_Goodwin@yahoo.com,533.664.4457 x45614,1972-06-24,South Africa
8sqWeh_vBO9_Z7laprv6f,Maureen,Kutch,Dallas43@yahoo.com,377-819-8442 x96771,1972-02-27,Mozambique
Ipo7wjHpc3hpm5mXeKcKB,Michelle,Gutmann,Andre94@yahoo.com,310.966.7381,1955-12-06,San Marino
pH6BnUQ10liFnVQxH3h9k,Aliza,Johnston,Tierra.Borer@hotmail.com,221.341.2705 x63388,1971-02-06,Northern Mariana Islands
PclBh116q4FWlLTquVY-n,Jettie,Mitchell,Gregoria.Lindgren@yahoo.com,(968) 344-4720 x56712,1959-02-01,Tonga
bSXEnvlcj4LUWKvap-QVc,Ulises,Schinner,Rylan_Balistreri82@gmail.com,984.434.6498 x745,1992-02-09,Thailand
YHRvnu9O6fkojCqaubxP3,Rusty,Dickens,Chauncey_Trantow3@yahoo.com,(357) 229-3887 x89421,2005-06-10,Togo
c9r5Yt3IEuONrnD7hTHG_,Durward,Homenick,Isabella82@yahoo.com,1-953-269-8359 x1742,1997-01-21,Hungary
RB7QcDhHYn528kZvYeEUl,Rose,Flatley,Monique.Lebsack7@hotmail.com,1-284-415-4698 x423,1945-08-06,Bahamas
h6gNfJLSdfjsQbScxzr37,Max,Weimann,Karolann_Schmidt@gmail.com,(317) 528-1190 x226,1996-05-15,Israel
bVmEJdOzbFByQoV2bNtWs,Luciano,Wehner,Ashly_Flatley-Cremin@gmail.com,954.701.9681 x01747,1999-01-12,Grenada
5pfIaykf90cuhpZqKR9oq,Theodore,Barton,Liliane88@gmail.com,509-309-9822 x0582,2005-07-03,Mexico
_jibMG9zmY-U8L4U1YEa_,Melvin,Heathcote,Yolanda50@yahoo.com,1-540-328-2397 x5587,1944-05-27,Kyrgyz Republic
z9F7nZiH2l6w9-hQIBPvM,Lindsay,Goodwin,Kevin.Bogisich97@hotmail.com,(607) 806-3462 x414,1970-09-30,Norfolk Island
DOw0j2Jju1LOW7Fzxc5CE,Alexandrine,Johnson,Damaris.Stiedemann70@yahoo.com,(383) 399-1513 x4756,1980-03-18,Gibraltar
L7bwvJTbsiHPPU_p_stfR,Suzanne,Farrell,Daron40@gmail.com,(573) 252-3455,2000-02-28,Bolivia
IHpXqxJ2mq4nr96EUk7ha,Valerie,Schulist,Anissa79@hotmail.com,919.346.5592 x65462,1985-03-26,Israel
kJECeUMvwCieGlwvhHk9n,Khalid,Zemlak,Astrid_Hilll@hotmail.com,1-324-448-6137 x2438,1971-04-08,Cape Verde
Ezx7Q4BXRtm5fGfL8qCY2,Magnus,Stanton,Verdie29@yahoo.com,1-833-952-8609,1969-07-01,Norway
ZXMYOdoI2KT9WqnehWEPo,Ezequiel,Breitenberg,Filiberto_Cremin@hotmail.com,1-956-691-0426,1971-09-08,Czechia
3nsoSLwZGuPR8LMwZh-u2,Doyle,Buckridge,Urban.Little37@yahoo.com,1-878-850-1533 x89965,1947-05-02,Tunisia
Jgcbh4LuKUG4KQ_MKEBQ9,Lacey,Pouros,Katelin.Von@yahoo.com,(639) 351-2408 x274,1971-11-28,Greenland
t1Y3sa9hqHPAwntm8FOFm,Aimee,Mraz,Emmanuel.Schmeler6@hotmail.com,(358) 961-6500 x015,1960-01-05,Sweden
x_Ml8gnRf_VskjipJkboY,Frankie,Goodwin,Myrtle_Hansen@hotmail.com,323-819-9441 x502,1988-03-12,Norway
Tk4Murx4V29gCZ-Wh1ht9,Roma,Kozey,Nicklaus.Hessel96@gmail.com,1-321-838-7803,1980-11-27,British Indian Ocean Territory (Chagos Archipelago)
7SvrS9FKZgPHl0hvhhbSK,Liliana,Douglas,Hank_Greenfelder-Jaskolski@hotmail.com,817-791-5300,2005-03-20,Senegal
xd486m7WyWBUyA20LDfO4,Palma,Welch,Ashleigh_Nader@yahoo.com,452.660.3745 x6103,1977-08-08,Botswana
ENOrJGkTRMZMXbFTd1N_B,Crystel,Glover,Emmanuelle.Nolan-Labadie@gmail.com,653.975.6755 x4971,1952-01-19,Nepal
0Ztmxk9B7X8BxLvY5TWWy,Madelynn,Fisher,Laron.Pollich@gmail.com,(574) 619-5813,1986-02-12,Belgium
JF7Sb_AxQrjsNp8WologJ,Michale,Hand,Dee3@gmail.com,686-860-5725 x520,1986-10-29,Grenada
cSdgMMN-c3rFciIESiQRj,Favian,Lubowitz,Clark.Ratke@gmail.com,1-281-839-5264 x536,1993-01-09,Iran
DAhet2_VTINutz-OBt8e8,Garnett,McGlynn,Neil_Kilback@gmail.com,1-864-760-9725 x3617,1993-05-03,Sint Maarten
44uMUWIlh9ZivAP9eo6Df,Alek,Conn,Shawna9@hotmail.com,(851) 961-4470 x06623,1949-11-27,Palestine
VNO83yN_xcrSTa9mcQRkI,Lucie,Pfeffer,Brooks32@yahoo.com,1-357-250-2735 x81929,1996-06-28,Micronesia
lgAWvASBTc-rSoqV8phwM,Carmen,Murray,Ara.Herman40@hotmail.com,657-201-7111,2004-02-06,Macao
2cou29G5lT96SBtiQrZUQ,Maximilian,Brekke,Marcus_Murazik@gmail.com,816.443.3876 x89025,1976-06-10,Iran
Uu7ynliu0bSxlTxmwVsFA,Mason,Hessel,Oda_Wehner-Walsh67@hotmail.com,(708) 600-9727 x508,1945-02-28,Lesotho
u146uWSXeqg5qF_E7BB6x,Roman,Dickens,Gonzalo38@gmail.com,1-936-482-9275 x10177,1966-06-01,Nicaragua
gHrsvfzQ8ZrWCd9b7jZ4S,Peyton,Green,Leora38@yahoo.com,1-371-787-0202 x74852,1958-02-16,Mayotte
MC3lnVNtzeWaD6WdbWprV,Leonel,Renner,Romaine_Hessel13@hotmail.com,591.975.4808 x6598,1968-06-27,Guadeloupe
i9MmkyQcWZwutJIFUTRsF,Pedro,Mills,Graham.Bartoletti@hotmail.com,792-797-6530 x648,1991-03-14,Australia
UUSSBCFZSi41NEf-XmPxG,Alaina,Volkman,Allene19@hotmail.com,985-914-2296,1958-04-22,Samoa
p48OSAjP5_OtZqJeoD8kC,Michale,Lynch,Coralie.Bergnaum@gmail.com,(972) 531-1342 x710,1944-11-18,Suriname
FWNP8O8DwHrjnrdR9QlxN,Angus,Metz,Baby_Ratke79@hotmail.com,342.296.8003 x238,1959-10-02,Seychelles
LT_uM1uvneJZwIhTTg08y,Mortimer,Raynor,Kim_Grant79@gmail.com,900.905.8123 x2056,1982-10-15,Saint Helena
kq_FIKWCNfMQrDViGekxe,Riley,Ankunding,Samir.Stiedemann@hotmail.com,1-352-582-8593,1990-02-03,Niger
RNgkRYnb5ZnHgAu7n5bM_,Lois,Hettinger,Lottie.Abshire60@hotmail.com,951.844.7910 x5195,1993-02-15,Curacao
dhtpYgxVCg4BM-RNjMmlL,Mikel,Upton,Frank_Armstrong96@gmail.com,1-605-860-9150,1991-11-05,Honduras
Hkn7va8NX-CHH-RECWK2E,Lincoln,Prosacco,Carmen27@hotmail.com,(650) 717-9667,1967-07-26,Bolivia
wH0mIhFJBcgsrf6Q47DEN,Fabiola,Torp,Morgan_Funk@yahoo.com,788-625-0165 x9871,2004-02-22,Monaco
nayHiaqkxtoEVrM41WdSp,Giuseppe,Durgan,Harry.Feeney95@yahoo.com,1-611-438-5646 x37315,1960-08-06,Liberia
uhT6QiTCR-7wlsxPtDBM8,Blanca,Green,Santa_Keeling63@hotmail.com,978-570-2304 x9170,2000-02-13,Saint Helena
ZPSJgp4uMmDlJWSkERQlm,Shaniya,Wyman,Emelia.Stoltenberg@hotmail.com,(885) 497-0878 x3238,1990-03-22,Netherlands
Zrt6BCsDZ_UyBy-Zt2Tcu,Hermann,Bergstrom,Helene.Becker@gmail.com,868.938.0782 x741,1945-12-02,Poland
OQIqXsemEqqtUkBlzukIi,Noah,Reilly,Hertha93@yahoo.com,1-364-473-6613 x94940,1969-09-13,Marshall Islands
6Yo8Niqk_tP6Kn2SbQX-j,Janiya,Shields,Newell.Gibson@gmail.com,(202) 589-4717 x68616,1978-02-23,Svalbard & Jan Mayen Islands
KWj-qFm5_p9H5_YsuO57I,Alexie,Hartmann,Brielle.Wolff@gmail.com,1-985-795-6276 x615,1958-12-27,Australia
Iukru1enqr-P2G6ReA4TE,Geoffrey,Walter,Easter82@gmail.com,825.239.3632 x324,1979-07-15,Canada
Bdg6Rt2_B1syeCNwYlcqj,Macey,Stamm,Brendon31@hotmail.com,654.909.0090 x244,2000-10-02,Chile
if-OO7XNLs9XVCGm9GfZG,Bert,Gleason,Torrance.Brekke@hotmail.com,1-273-214-0368 x39047,1959-05-08,Canada
AnB4oJ9eBoGpbbYxb-eG0,Zackery,Smith,Susie.Wilkinson@yahoo.com,756.275.4561 x25275,1993-08-04,Reunion
u2ImpNq4a8XM68XpPvCJk,Robert,Pacocha,Guy_Rowe@gmail.com,266.559.3412,1969-09-01,Azerbaijan
tW579ee0pVoLMm3EYbwN1,Eliane,Corwin,Kayli_Thompson@hotmail.com,1-624-535-6570 x05822,1970-03-27,American Samoa
mOe0uEpcCNiUSVSXr5mNb,Eulalia,Kirlin,Shaina15@gmail.com,348.905.5646 x7658,2002-02-04,Mauritania
FvESHT_Ss5lowPFRTbIhz,Cara,Weissnat,Junius_Moen50@hotmail.com,692.888.6043,1953-07-19,Cook Islands
Ze4V8mtcP0vJpJBlk5i-o,Stefan,Sporer,Janelle.Bechtelar14@gmail.com,1-964-505-2669 x376,1973-01-07,Equatorial Guinea
2kAdw57DcX4N0CSUeetA7,Dayne,Lehner,Sigurd.Skiles76@hotmail.com,(812) 227-4837,1996-09-27,Sri Lanka
MSp2hVTU9UZNZiWQheogd,Ludwig,Hane,Kristina29@yahoo.com,732.949.8879 x9204,1961-01-18,Tokelau
d_TdCKLXJg0IVHiqf1YyL,Rick,Konopelski,Cade.Heller27@hotmail.com,(951) 233-7763 x58016,1988-09-10,Solomon Islands
tznHgnlElwic5M-CgzHRi,Therese,Parker,Fabian_Deckow@gmail.com,559-228-0009 x17181,1995-04-16,Christmas Island
rE2JXqj3OwBdAHF2FxYEm,Olin,Morissette,Shayna95@yahoo.com,223.637.6310 x65725,1955-12-29,Turkey
1zeJ8jxS2lU4LY2M_UF9b,Kirk,Hintz,Hettie_Beer@gmail.com,447.792.1965 x7721,1979-05-16,Albania
GLgCj-OZ44WFQRxezFChT,Tristian,Moore,Abe92@gmail.com,(284) 954-3300 x8151,1995-11-19,Gabon
JwBT0IkHQ6meVV-2p9pKc,Erik,Nolan,Reta.Muller@hotmail.com,782.745.0327 x4345,1995-03-19,Bolivia
4Dt9KOOslBjFKY0W8npps,Jamar,VonRueden,Lincoln_Mertz@yahoo.com,1-661-459-4135 x2586,1969-02-11,Canada
UFQ6Mu4TiKh2GQQrPqJ_8,Noelia,Veum,Rhea32@hotmail.com,(917) 556-9779,1985-12-13,Seychelles
PumRIDkwFZSM2E4RsU3yy,Francisca,Keebler,Kaela74@yahoo.com,968-620-9298 x6203,1968-04-20,Myanmar
3ZaHpaEPeGq9dfx5E2pfH,Max,Legros,Hanna84@gmail.com,(212) 668-4615 x9248,1978-03-08,Cambodia
6J6tq4Xd8m8mOVvsSFYvz,Bailee,Lebsack,Aimee.Hane@hotmail.com,581.610.3354,2000-03-30,Papua New Guinea
z18RKv0xYdh0i49zCR-1Z,Madisyn,Schneider,Bernardo_Ratke87@gmail.com,409-455-0921 x935,1995-02-15,Papua New Guinea
DZxPBwgzKuo_oEQTb2Fxm,Tina,Mueller,Veda_VonRueden3@yahoo.com,549-466-7413,1989-11-05,Martinique
KhLGvKtsPV57Fo6xLjDFi,Imani,Zulauf-Kassulke,Arvel_Emard@gmail.com,385-687-0307,1944-05-15,Kuwait
Vp-N8kP85M9FpPRsGhrgH,Filomena,Weber,Valentin_Schinner@hotmail.com,866.530.0306 x6759,1997-01-27,Libyan Arab Jamahiriya
5tM5pJZW6186QVZgXWqYJ,Elisha,Kuhic,Mina_Feest@yahoo.com,780-590-4992 x6294,1955-06-03,Austria
zuzavVc3SYjfwazHYXbA9,Jaden,Rippin,Mackenzie93@gmail.com,1-384-906-5709 x0578,1946-09-14,Georgia
Hho4ayoPsQTHDLVhnbWgO,Foster,Schmeler,Savannah_Schmeler@gmail.com,(621) 948-1573 x52781,1968-08-29,French Southern Territories
xr9-rIhI70hxCjKayvBqa,Wilfredo,Conroy,Ernie35@gmail.com,918-779-8672,2002-01-18,Gibraltar
74LjcpkJolPzdH0vYAiN-,Scot,Okuneva,Emelia.Cummerata@hotmail.com,609-345-2073 x8529,1959-08-16,Iraq
tbiU-2GF4ABTek1ya7dGe,Tre,Macejkovic,Alba67@hotmail.com,(980) 648-9028 x9262,1946-04-28,Malaysia
YqUJU3CLYdJllV_IaMnyZ,Raegan,Bergstrom,Jaylan_McClure@gmail.com,(917) 595-0355 x49521,2003-11-13,Kuwait
rAVrLTDvmD5raLuKZJ3GU,Hollis,Effertz,Anne_Veum@gmail.com,1-556-816-9814 x03290,1949-04-08,Argentina
34hE9aFPyprFBVZAROsLD,Arlo,Roob,Petra.Gutkowski@gmail.com,(998) 498-1930,1957-08-04,Zambia
4WF336aqv0aZssf6bZjvK,Wellington,Fritsch,Francisca32@gmail.com,(799) 201-8114 x725,2004-11-12,Saint Pierre and Miquelon
Hi-h8mj0zn3IGCVgjmSkT,Alf,Pfeffer,Rolando33@hotmail.com,1-805-648-2115 x6714,1962-12-23,Guinea-Bissau
4WLGGeI_COV39gJtWkoEa,Al,Lindgren-McLaughlin,Finn18@hotmail.com,310-443-6631 x723,1989-12-10,Gambia
-xBI4ikXuIJFsjnFL-xZ8,Lucio,Kessler,Jeramy.Davis@hotmail.com,785.871.1250 x77776,1963-12-02,Brazil
6ADTWfGhguYro6Zfw0KM_,Max,Haley,Merle.Mante@hotmail.com,(582) 959-6609 x039,2005-03-14,Guadeloupe
pxy-3dj2e0EjjAfGTln6e,Wyatt,Schneider,Letha.Koss82@yahoo.com,1-486-379-3880 x2554,1982-04-27,Isle of Man
bNefJBphJPaV5SoYE-VkA,Stone,Ward,Melyssa.Hyatt@hotmail.com,(697) 206-6025 x03432,1956-04-30,Montenegro
HiBDs1jw90GLHjA7DCPgF,Ebba,Schmidt,Salvatore.VonRueden@hotmail.com,482.878.0595 x7668,1977-07-14,Argentina
npytD4ZJQsQmFHwC4N6cH,Darrin,Parisian,Ezekiel.Morar@gmail.com,456-677-7220 x095,1963-01-31,South Africa
VgnLSK2xnx6udiXtEY_Dd,Gaston,Stark,Whitney.Corkery11@gmail.com,900.256.8600 x1996,1989-01-15,Marshall Islands
cuN8UM1PfeOkyFN1Ev5Nu,Grayce,Brekke,Amir.Keeling@hotmail.com,647.843.9051 x0409,1949-04-13,Brazil
Ff9kv-CU2KN_3LSeZGgGQ,Jane,Legros,Kip74@yahoo.com,1-558-486-0926 x500,1954-10-02,Paraguay
fhCASW9nP1oUPo8C4IsY2,Otilia,Graham,Gussie91@hotmail.com,(347) 862-7661 x1929,1959-05-07,Turkey
x6PNWKKsFeHKxVnQzqJ23,Augusta,Abbott,Jerrold.Kris@yahoo.com,247.505.3701 x1972,2003-05-15,Fiji
6hMzHwFJdoxKuqPfwznau,Newell,Jerde,Josefina.Kuvalis@hotmail.com,1-277-236-7653 x758,1983-11-21,Saint Vincent and the Grenadines
C71gVHArrDEjDteVnlXLv,Ervin,Ebert,Chadrick.Jacobs@yahoo.com,417-241-6960,1962-10-05,Barbados
m1K0gRPVqUqhL0vJ_2bY9,Rebekah,Berge,Sincere_Krajcik37@gmail.com,1-957-893-0743 x34182,1997-12-29,Armenia
TxUm973_DxuHR4tC6MEir,Kailyn,Kub,Milo7@gmail.com,226.698.0491 x9982,2000-04-10,Canada
1V3V0-wENB3cbzgEUkkTS,Jensen,Ratke-Howell,Annetta.Batz9@yahoo.com,1-804-954-4330 x17888,1947-10-06,Niger
voymJwtQz4nTQnQ-2RtxW,Malcolm,Mertz,Aniya94@yahoo.com,407.783.0700 x836,1955-11-10,Benin
Rwnrl9i_7ATMHZfzcK116,Rusty,Wiegand,Kianna_Kohler97@gmail.com,(899) 351-4320 x42446,2005-02-04,Liechtenstein
Gna_8NI0YDX_7CcJI-lpn,Bart,Gerhold,Keon_Bernier@yahoo.com,(929) 468-2180 x6438,1963-04-20,Seychelles
RT97lsvYKE0Cyh_mEZ2yi,Michale,Hilll,Fiona56@yahoo.com,(756) 560-6648 x333,1997-09-08,Myanmar
R9S6SMm3CZF-0l_NNw_l1,London,Greenfelder,Deonte.Becker63@gmail.com,(548) 407-2332 x390,1975-07-13,Egypt
oOrHK6abup8o3Um3tolnt,Mayra,Mohr,Blair72@hotmail.com,1-737-925-5065 x50053,1949-02-13,Chile
3WiuPmmNyiExyTNQjsZHM,Queen,Cole,Tremaine84@gmail.com,1-446-561-8451 x434,1974-06-16,Liechtenstein
WFgEj6s_vLCOG2UQ7L97k,Thaddeus,O'Hara,Montana.Tromp62@gmail.com,1-358-814-6390 x893,1958-02-27,Aruba
8WgzkjOYFKdmjwloSJhuf,Rosario,Mraz,Clair_Hyatt21@gmail.com,1-430-816-5778,1981-12-25,North Macedonia
55n_4XAw-A4ub-XT2fsmE,Ally,Kuhic,Mortimer_Beahan9@gmail.com,454-311-2355,1955-09-11,Venezuela
zYxARfu-w71gykbyBkeKR,Liam,Glover,Adolfo18@yahoo.com,(817) 686-0658,1989-03-12,Mayotte
LK1-l2qQ7yQMGoM15yeQf,Giovanni,Reichert,Steve47@yahoo.com,876-765-9044 x25253,1999-12-16,Costa Rica
ehJfAtoT1ROOyDdIHVmr7,Annabel,Lynch,Charlie12@yahoo.com,1-352-792-4932 x06899,1969-04-25,Bahrain
9ThfS1S19O_1Q9jcnPkL8,Dawn,Torphy,Nathanael_Yundt90@hotmail.com,(997) 502-3953 x817,1986-01-13,Bulgaria
QJGhv1rGo06jx-r-kTpAD,Mozelle,Gislason,Linnie_Welch@yahoo.com,(749) 412-3168 x8470,1987-08-25,Equatorial Guinea
Xp0nnEWCsFHtd1RL0yRVh,Cynthia,Hintz,Oceane34@yahoo.com,(388) 959-3575 x5501,1985-06-29,Egypt
QM_6GoAPH2t9byrJqujkM,Jerry,Ortiz,Janie_Reilly61@yahoo.com,(427) 267-6890 x9762,1946-04-06,Maldives
ycfGcokY8RtzXstwsy7qo,Kiera,Kris,Billy54@hotmail.com,(289) 738-5406 x9614,1992-04-14,Saint Pierre and Miquelon
2qMcarh6Yw5Pe90NG3_89,Marilou,Strosin,Noe_Strosin@gmail.com,(228) 819-2859 x095,1995-07-02,Sierra Leone
UBZSh7gDZNIRljJ9VeWFA,Rey,McLaughlin,Delta97@gmail.com,(795) 357-0557,1988-06-05,Mauritius
JxhJuwAdFBZHkq1q_nS8G,Hannah,Leffler,Haven44@gmail.com,1-421-965-2781,1991-09-07,Gabon
CNA9x56nvNmTGLlv1gBam,Winston,Torphy,Scottie3@hotmail.com,966-238-7574 x679,1992-12-08,Niue
ddUjRejsm1jznIe0BOX05,Paris,Adams,Ethyl.Conroy@hotmail.com,628.978.6447 x55003,1960-10-08,Botswana
6LAPx3IxBHuCsjLGdeEY6,Lesly,Schimmel,Rebeca10@gmail.com,1-313-384-7820 x30983,1968-02-21,Bhutan
IcBhPrLEQX1zsX-x03SSb,Kody,Towne,Adalberto.Koch62@hotmail.com,(987) 390-9517 x69717,1945-04-18,Czechia
zgtqvHPAG01-QlyQQ4vEB,Ernie,Bins,Nikita.Dibbert-Davis@yahoo.com,1-913-311-8493,1957-07-03,Sri Lanka
VPD2aohC493ELOiyMbM-I,Triston,Luettgen,Taylor66@yahoo.com,1-686-253-8498,1956-04-19,Bosnia and Herzegovina
yA8ERQnOSkbruwxoEDpKy,Barbara,Kuphal,Madonna.Klocko8@yahoo.com,890.741.2040 x63649,1962-05-24,Montenegro
_JRt6wA4ZZMhQmb0oW45U,Jevon,Lehner,Whitney.Strosin@gmail.com,1-572-986-6753,1977-08-10,Turkey
SQhxYBrsbM0mkvW4AP9iC,Ursula,Bauch,Theodora69@hotmail.com,(621) 468-3637 x5135,1977-03-22,Sweden
ZtFXxlOarflhfiH7SsqJS,Paige,Koelpin,Ella_Hodkiewicz@yahoo.com,953.352.7562 x06653,1952-04-27,Bolivia
oA8xgkhBfkILruzhf2JwA,Roberta,Schmidt,Brendan_Collier86@gmail.com,546.585.8567 x951,1998-07-18,Cyprus
uNGLyIyuFFbC_7XEixFKI,Therese,Hamill,Jamarcus.Lemke57@yahoo.com,(479) 894-7365 x06301,1990-09-18,Isle of Man
IghuBuG_-5nTDGl3B3az6,Amani,Jast,Lavada_Halvorson@gmail.com,858-744-1584 x41608,1997-08-14,Barbados
pduoHTdh9yq5G1L15b0ov,Mac,Gleason,Domingo_Armstrong@gmail.com,706.893.3717 x8332,1957-06-02,Ecuador
ulUqb83l6hOziIpJo7p1P,Princess,Vandervort,Ladarius.Gorczany@gmail.com,(236) 471-7821,1964-10-19,Colombia
aCnPmgM8NVBrbon-VvACj,Lottie,Carroll,Alicia15@hotmail.com,843.280.7869 x72521,1960-07-17,Niger
jL-zl3-as3TUqRK_7-Cli,Ora,Becker,Rosina.Schulist@yahoo.com,1-205-659-4846 x48668,1994-07-25,Lithuania
bNfgud0NZNGaTs4pbVh03,Jordon,Schumm,Sonny_Waelchi28@yahoo.com,1-654-822-2453 x56136,1964-01-17,El Salvador
16qzFkyyx2SlDxoMUvj2B,Zella,Purdy,Nona12@gmail.com,398-289-1991 x392,1963-06-26,French Southern Territories
cDCOGJVEHk4nGBBMMm0-z,Dina,Jaskolski,Alexis.Dach@hotmail.com,282-919-1064 x26516,1949-01-14,Cameroon
Cqlx_uk6_As_CDh11mMvx,Enola,Stiedemann,Caesar.Zemlak80@gmail.com,758.579.2780,1992-05-02,Guinea
trgE6bidhyrc6md62PIwF,Thurman,Breitenberg,Stephanie_Cormier@gmail.com,1-660-815-8975 x8562,1986-08-09,Curacao
jN4Qa6Zj4uRrk4gPPjjc5,Jermaine,Wolff,Gene.Beier88@gmail.com,1-267-487-4649 x3030,1946-02-18,French Polynesia
I6Du2Lg2rsQpF-njaHuGC,Myriam,Jaskolski,Felipe49@gmail.com,(849) 513-6023 x5362,1950-12-31,Slovenia
Tbg5nZFBKnbO1EZiQhV2M,Wilfred,Fadel,Mckenna13@hotmail.com,851.309.7694 x701,1979-12-09,Rwanda
PG1IQY3xiC_7nD7ebCjDV,Rusty,Satterfield,Winifred.Bernhard90@hotmail.com,1-452-765-2353 x692,1993-09-16,Palestine
DKF2ZBpGjDvSGdOL3axe4,Albert,Spencer,Heather21@hotmail.com,515-644-6496 x90669,1963-05-16,Saint Vincent and the Grenadines
2XG2hW5dSTdqk2Rjjeto6,Isaac,Botsford,Claudine5@yahoo.com,935.292.0997 x58566,2004-06-15,French Guiana
6YiXqRXYkuqcim_Hvixbq,Lambert,Kuhn,Magali19@yahoo.com,(690) 443-7235 x06531,1994-05-01,Turks and Caicos Islands
JqCwyw4iAZfRzfw7oUKyD,Marianne,Greenholt,Abbie92@gmail.com,(387) 212-5520 x601,1988-09-30,Turkmenistan
59Dlq4iBIw_ru_GhO5QoI,Maud,Weissnat,Hiram_Runte91@hotmail.com,1-219-719-8775 x95067,1950-07-04,Australia
rM2MTUivnUXLogp349Ger,Kennith,Berge,Josh_Krajcik@gmail.com,395-890-4959 x19892,1976-12-23,Jordan
eF_s83kJiqsUNtN3F8qvu,Ron,Streich,Oma_Jast18@yahoo.com,1-733-448-2331 x15839,1948-09-29,Australia
EYh0KvbAxc6u-X6m16US-,Jaydon,Carroll-Ratke,Bria_Pacocha90@hotmail.com,(722) 478-5538,1977-05-19,Belgium
7sEUcKtukm3-v7IRpTu9l,Margarita,Schroeder,Oran71@hotmail.com,1-744-675-0929 x1233,1977-10-25,Belize
gQ1qNiFHso0tXfbLnwDoE,Reyna,Bernier,Tierra_Friesen89@yahoo.com,736.925.7802 x16687,1966-09-04,Anguilla
QrwAawQw65TRE8LduuK1r,Willow,Schroeder,Keely.Harris@gmail.com,(430) 402-9052 x396,1977-12-29,Puerto Rico
xdCb5kJxdqRzEyfAWiZy2,Rachael,Kovacek,Mabel.Mitchell85@hotmail.com,774-618-6180 x93514,1962-05-30,Comoros
jAYDHEYDaLbB26ZRfnKU7,Kaitlyn,Strosin,Clay6@yahoo.com,1-598-358-0377 x8849,1954-11-19,Barbados
uqZH-hwEJytqjW4rUsOQZ,Rickey,Effertz,Imani_Oberbrunner@hotmail.com,(247) 499-6274 x396,1975-04-18,Saint Martin
E_DCHb-liIYbKGlZMWmLY,Kiel,Rau,Sarai93@yahoo.com,870-555-9329 x51509,1966-06-03,Isle of Man
Yn41B1_i2GLcFqgHzNeiK,Birdie,Gorczany,Kylie_Aufderhar-Fisher@hotmail.com,(715) 313-8136 x02744,1999-10-21,Namibia
gXRVYExQJatBVvDN8wNYp,Allie,Jacobs,Nigel.Stamm@gmail.com,(780) 739-7804,1984-08-11,Saint Martin
gD9UFxaBZKUlVWLD3macG,Angelita,Schowalter,Jordon.Lind@hotmail.com,(941) 393-1840 x2489,1997-09-22,Niger
RiyhhgomSgRSgrusmkQ8n,Antone,Predovic,Shane34@hotmail.com,835-949-0049 x1977,1975-10-09,Montserrat
7jQ5xtHsDBb9SekvGnmW_,Kianna,Effertz,Ava86@gmail.com,244-395-4401 x601,1946-08-01,Ethiopia
VbMo0wzEWZ-UkExqRsR_s,Aleen,Hermiston,Merle_Botsford@yahoo.com,492-882-7180,1956-12-02,Democratic Republic of the Congo
HjH7bxXxy04jfLmH2xkwm,Major,Labadie,Alfreda_Doyle1@yahoo.com,636.645.1330,1954-01-22,Sri Lanka
CFfuCzFo6ymSP83vQizh4,Beau,Haag,Alice69@hotmail.com,(353) 952-3035 x852,1993-06-03,Maldives
Zk-QW8NmOSZPL4RsMcwnj,Zachariah,Gleichner-Kuhlman,Lillie13@gmail.com,623-300-3640 x626,1987-07-31,United Kingdom
ONBIM7kv4c5lRf5FSunzt,Christiana,Swift,Elsa.Davis61@gmail.com,1-873-972-7811,1977-03-29,Saint Kitts and Nevis
XA4W1qKPntVhCitnhHrT9,Beverly,Harber,Leila76@hotmail.com,1-846-510-2525 x55928,1945-12-10,Hungary
66GNPZrn36KRuhuCufglL,Gennaro,Ryan,Lexus48@hotmail.com,(819) 810-7534 x18134,1954-08-25,French Southern Territories
kG8xTgjyMboiCi7v73Q6t,Orville,Streich,Winona_Carroll23@yahoo.com,(672) 896-5657 x6934,1962-07-17,Hungary
GQVCoIu62G26ceoc6kwar,Katheryn,Koepp,Adrain.Frami@gmail.com,(628) 573-5500 x6057,1963-06-09,Christmas Island
ElGCMZrImhmqENjSzhpR7,Berniece,Cormier,Trace_Heidenreich91@yahoo.com,(960) 490-7207 x6348,1970-02-24,Vietnam
BOHom8BarSJ8KyDfzYZ3M,Colton,Ondricka,Terrell_Waelchi@yahoo.com,1-896-868-5295 x588,1953-02-06,Congo
RSj65v9ymSnkUcbcQJE47,Valentine,Stanton,Vicenta48@hotmail.com,(462) 843-4143 x52742,1961-06-30,Thailand
CFekrwNd6hZ1qjgkMk2Pt,Wallace,Reynolds,Emanuel_Konopelski36@hotmail.com,1-855-221-1088 x50754,2003-03-19,Myanmar
vJYrovO9iY0RqqJTLys8y,Yazmin,Steuber,Ashleigh.Stamm24@hotmail.com,(268) 571-5489 x4841,1952-04-02,Sri Lanka
qxZpLQuwnZZqYvbLhEtMG,Barton,Stroman,Hermina.Cormier9@yahoo.com,(954) 526-8873 x14970,1983-03-08,Saint Vincent and the Grenadines
oZe1GmjFBKNROV1Xbf3pd,Ray,Terry,Rafael_Barton39@yahoo.com,238.941.7981 x0035,1991-03-13,Malta
3GpWC7F3yCLqZ-6BoEZ3F,Ruben,Conn,Kathryn36@yahoo.com,866-472-5134 x49816,1977-02-20,Norway
1DslYms7nP5JnpL2Un_Uz,Eulalia,Cole,Devonte.Walter@yahoo.com,(743) 804-6014 x83797,1955-09-27,Portugal
FRryMuYBqp7atIyNYUl-A,Kieran,McGlynn,Alva.Bernhard@hotmail.com,1-369-474-0058 x38480,1966-05-13,China
0ge6MLEfeMPsN-i78X-Es,Forest,Bashirian,Art_Paucek90@yahoo.com,1-273-904-9302 x5685,2001-09-24,Netherlands
3IUXNOvmHDhnG6fg_IFWf,Kasey,Osinski,Lance.Schneider11@gmail.com,(610) 443-0051 x48623,1959-10-09,Azerbaijan
-XIfx3lJgza2tRFEn5DtF,Gayle,Lehner,Jackson.Barrows74@yahoo.com,801.278.7609 x8002,1966-01-21,Montserrat
BSWSrcCYkkZbs4V7vK6Pn,Amani,Schinner,Marlon41@gmail.com,695.814.2389 x45484,1954-01-26,Andorra
CDjPX3nXbdShzDcPxOlWE,Clotilde,Powlowski,Chris88@hotmail.com,250.527.0881 x00811,2003-06-01,French Guiana
AioOrAhtIzjoR6oWVHC74,Urban,Huel,Odessa3@yahoo.com,1-831-678-8442 x4169,1968-10-22,Republic of Korea
xuRuVOb2mnTx2HP_K3coX,Annamarie,Johnson,Winfield_Hand20@gmail.com,1-592-512-3114 x5111,1993-01-14,Gibraltar
uGN5yoNpT8dGqa6qhrqhe,Darion,Koepp,Lavinia.VonRueden96@yahoo.com,403.224.9419 x1617,1953-02-25,Latvia
c2vtizEqRI_tr47qFGhVN,Eldora,Runte,Shannon_Doyle@gmail.com,(695) 453-6421 x9326,1978-02-26,Solomon Islands
ShLZuapBxwMpf8v8-B_US,Victoria,Homenick,Jamaal.Steuber76@hotmail.com,1-887-235-7369 x9841,1969-11-25,Zambia
Ka28f59G7uiLImCGpeuZe,Katelin,Becker,Rene_Labadie66@yahoo.com,548.599.3363 x998,1999-03-16,Mauritius
r-MHF2Vdfr2xXWbSRd457,Christian,Daniel,Telly34@hotmail.com,948-635-2333 x74200,1989-08-27,Burkina Faso
eJfVh8ZNGiKdHPyKzAi2o,Pierre,Mante,Josiane66@yahoo.com,350-647-3483 x1485,1955-04-25,Cuba
lTd9Gm4v3PXtYCH99RxDq,Hilario,Grady,Alycia_Gorczany@yahoo.com,1-590-987-7365 x328,1952-11-28,Canada
NEl11DrE_Vpi29_jLCBZr,Axel,Ebert,Rubye_Schmidt@gmail.com,769.739.6338 x531,1987-12-27,Guinea-Bissau
le40KSW4hFWg_cRqtRepZ,Margaret,Quigley,Ernestine_Cremin3@gmail.com,1-340-377-1827 x265,1969-04-09,Switzerland
rzxCO-thg5uv41JXNYGZ_,Archibald,Stark,Chelsey_Ritchie63@gmail.com,1-214-729-5462 x63535,1948-09-09,Gibraltar
8ffeftvjbg_j476q3q_00,Destiney,Prohaska,Daryl_Monahan24@gmail.com,473.413.4926 x983,1949-09-22,Norway
uNhZk4dV6Q3ALu3Gz16l7,Freddie,Dach,Deron60@gmail.com,909-475-9402 x03144,1952-12-03,Tajikistan
sQ0EsUjsuivRgG0M1DAaw,Roberta,Stark,Junior72@yahoo.com,473-286-7751 x23596,1949-04-21,Suriname
VK_Cw5555mANyx3L-mUFq,Eileen,Kreiger-Brekke,Jairo.OKeefe50@gmail.com,440-689-6624 x8608,1971-01-07,Mayotte
8NERuWWnBeuX5M_-nYa60,Heidi,Lehner,Antonette49@hotmail.com,680-633-5094,1989-05-01,Faroe Islands
Zwk8UBI7IJIr4BFy6f91Z,Kaitlyn,Considine,Felicity.Will88@hotmail.com,1-836-881-8049 x67467,1993-10-24,Myanmar
fX06iq81u9yq5CIzYuPwI,Ora,Lakin,Lilla44@yahoo.com,776.586.3635 x76820,1998-03-01,Sudan
woatibC58R_S7KsJFsrFR,Luigi,Lueilwitz,Randall.VonRueden-Legros@hotmail.com,720-978-4372 x0856,1988-01-16,Mauritania
-omWImACES5_HSkKNGA16,Zack,Bashirian,Wyman66@gmail.com,(728) 594-7165 x16430,1990-12-05,Saint Barthelemy
xH8oreHCoo87x8UCWB-rP,Dina,Skiles,Pinkie70@yahoo.com,750.751.0768 x6022,1995-03-21,Heard Island and McDonald Islands
iQD-2BPo5_DS30krbwUW-,Dangelo,Schmitt,Carol78@hotmail.com,1-860-792-6482 x457,1975-07-27,Saint Pierre and Miquelon
E3hUfJztEArP9Bzuz5ZtE,Kieran,Hoppe,Elissa.Rempel@yahoo.com,(219) 488-2979 x6209,1972-02-28,Northern Mariana Islands
lqjNDVZgKN2KR0jwUvxMx,Kirk,Larkin,Meaghan.Keebler59@hotmail.com,1-675-372-9577 x36843,1953-05-26,Palau
opfIYObHNkcvjt5ah0S1b,Martine,Deckow,Nora81@hotmail.com,440-391-7724,1960-12-24,Austria
zcIpHfRg0xvbybQNjiIpk,Imani,Abbott,Zachary80@yahoo.com,1-312-559-8281 x954,1952-09-29,Seychelles
8Awb8_UX1hcQ6u65IN7KP,Alyce,Heller,Coy_Pfeffer77@yahoo.com,293.471.4867 x522,1966-02-27,North Macedonia
lg4a5sHaqKTq0lqr5-spe,Angelo,Greenfelder,Justyn.Bartoletti@yahoo.com,(844) 262-6111,1948-01-25,China
7l6jLE0tamTrKZRSpVwv7,Liza,Emmerich,Landen_Jenkins@gmail.com,(241) 351-4475 x2651,1968-08-27,Seychelles
CF3u127R3XxnVHmFLVc8g,Serena,Hayes,Mark_Pfannerstill10@gmail.com,(561) 223-7603 x268,1985-08-06,Jamaica
-qd8ny8AN3BzbZH1ZVhXw,Patience,Cruickshank,Virgie_Donnelly-Hoppe@hotmail.com,833.761.1273 x6738,1979-11-03,Lebanon
Lz0b0IbtLfUFoF2L_sXr3,Murl,Olson,Tremaine_Vandervort58@gmail.com,945-650-2808 x86134,1958-10-14,Republic of Korea
uRmzqBfp7DPzJC6C6D_Ox,Wiley,Adams,Dana.Armstrong12@hotmail.com,597.329.0441 x45161,1976-12-03,Taiwan
qdardKHnFcfJGFZZAU_2R,Kathryn,Waters,Marjorie.Boyer@yahoo.com,265.254.0760 x352,1992-12-26,Tajikistan
YCWJtDENouENQ_8k7t-4U,Ron,Runolfsson,Karolann.Hermiston@gmail.com,1-588-856-6899,1949-06-29,Malta
BDJzCYHuLJNTGDs6T48hw,Winnifred,Cremin,Norene35@hotmail.com,268-932-7453 x5565,1950-10-21,Turks and Caicos Islands
tclBP0u3ybmguotBEFYeS,Kathlyn,Runolfsdottir,Carson.Blick25@gmail.com,(447) 590-7724 x79291,1956-10-29,Cambodia
GpA-_P3x6wtnWI2uld8mc,Turner,Hudson,Ellie11@gmail.com,363.830.3406 x66643,1986-10-28,Cyprus
emyBZA3Q7rDZn8ZW9RZMe,Fanny,Breitenberg,Waylon_Mann71@hotmail.com,(836) 525-3832 x57894,1998-06-29,Saint Martin
t74emTOr08x7ZWL_lBiay,Shaniya,Farrell,Antone.Torphy27@gmail.com,(437) 289-4211,1998-08-01,Russian Federation
pcmyrMySy-XdJQ76ZHhkX,Bernita,Brakus,Chandler_Davis@hotmail.com,1-886-301-2257 x196,1973-04-13,Belarus
MW7eQ0NUg5nyhrRCmlR_p,Kenna,Beier,Elroy_Ernser@hotmail.com,212.653.2753,1977-12-06,Belize
Q4FbPIapvFwIgmsBOtNM1,Michel,Baumbach,Waino_Bernhard@hotmail.com,1-880-566-9130 x67748,1989-08-04,Argentina
C68n_HbI0WMtuwRb9Dtst,Enoch,Steuber,Cortez_Gerlach93@yahoo.com,727.915.9043 x6556,1999-04-09,Egypt
_5MhmcN941BiicuP7Qcgl,Andy,Ondricka,Tate_Howe@hotmail.com,(776) 900-6811 x2320,1992-12-16,Liberia
hfeLwVgi5gTJ3h3lpG3pH,Roberto,Sawayn,Dudley13@gmail.com,457-293-1100 x12983,1990-06-22,Peru
jn1xmpoHt7ZJJVyb90DZ1,Kennedi,McClure,Joelle.Kunde88@yahoo.com,769-410-4413 x56226,1978-02-15,Latvia
FCc-VpDnv1UMrW4x4F9BI,Gregoria,McDermott,Russel_Sawayn-Marquardt@yahoo.com,1-623-578-5609 x4107,2003-08-11,Zambia
zhxd6TtRbbGUycU7P9Wyj,Godfrey,Schiller,Erling_Yost83@gmail.com,288-390-3446,1958-10-27,Serbia
-5er0MLcEHNTNfp5JNAJj,Sidney,Heathcote,Dayton66@yahoo.com,972-608-6053,1965-08-24,Mayotte
zeT9yL-tez0rXh2rz9Pg0,Natasha,Considine,Reed_Gibson40@gmail.com,1-835-622-2355 x56166,1973-09-17,Jersey
ce7MZjxcTBDORcetpezgo,Natasha,Brekke,Cali.Fisher@gmail.com,898-921-9880,1988-08-01,Gabon
fHpzpH6QA5htI5Lh18aGe,Carley,Jacobs,Delia.Kilback65@yahoo.com,526-273-5228,2004-02-14,Liberia
9C0YbPxQBE-bSuQ9tO8jo,Branson,Littel,Albert22@gmail.com,(797) 636-0076 x97786,1999-02-18,Montserrat
e4UetOpL9_mf_0KfYFKsd,Remington,Smitham,Alexzander_Lakin@hotmail.com,938.989.4054 x0625,1991-11-18,Gambia
OaF23ZxdUOCyf0M2-welp,Euna,Gerhold,Lulu67@hotmail.com,(268) 225-6165,2004-04-05,Bermuda
PA0XPusChRT6PbwYmgAMR,Pinkie,Jerde,Wyman_Hansen18@gmail.com,(567) 257-2787 x655,1981-02-15,Mauritius
stG4QufpjWQUf5kZ1f7kE,Columbus,Steuber,Karolann.Schumm87@gmail.com,916-616-5401 x9024,1950-06-22,Slovenia
ygUgr8ueQs7I8XUcbQIuv,Verona,Green,Deshawn.Herzog44@hotmail.com,1-670-724-1378 x059,1987-05-24,Curacao
gHAVP2clLqLyiw8wzwHbs,Frederik,Stiedemann,Kenneth2@hotmail.com,(321) 251-4351 x17142,1979-05-02,Yemen
wzl3Dr5i0gezuOMBF5a5x,Foster,Von,Ansley.Bahringer@hotmail.com,720.795.0889 x899,1968-10-05,Brunei Darussalam
PF-hCAOC8GiSTxmK8nj27,Bernardo,Turcotte,Walker2@yahoo.com,316-524-4247 x4623,1990-11-06,Djibouti
V5N_KfN7xtiVvt6UbLMH8,Beth,Schmidt,Zachery35@yahoo.com,(517) 618-2542,1991-02-07,Finland
DUabomAiceJccYyz22B-2,Jarrell,Hyatt,Kristy.Connelly@gmail.com,1-235-398-9146 x34728,1982-01-20,Jordan